"","COM1","COM2","COM3","COM4","COM5","COM6","COM7","COM8","COM9","PS1","PS2","PS3","PS4","PS5","MO1","MO2","MO3","MO4","MO5","TP1","TP2","TP4","IT1","IT2","IT3","IT4","CEV1","CEV2","CEV3","CEV4","CEV5","CG1","CG2","CG3","CG4","CG5","CG6","CG7","CG8","CG9","ETH1","ETH2","ETH3","ETH4","TC1","TC2","TC3","TC4","TC5","TC6","AJ1","AJ2","AJ3","AQ1","AQ2","AQ3","AQ4","AQ5","AQ6"
"COM1",1,0.772,0.743,0.575,0.669,0.397,0.42,0.652,0.665,0.712,0.662,0.718,0.716,0.731,0.474,0.4,0.388,0.389,0.383,0.361,0.193,0.471,0.549,0.552,0.543,0.384,0.534,0.541,0.538,0.532,0.479,0.347,0.298,0.392,0.453,0.416,0.269,0.408,0.376,0.468,0.704,0.65,0.629,0.675,0.249,0.211,0.269,0.162,0.205,0.199,0.502,0.565,0.613,0.59,0.572,0.554,0.608,0.601,0.493
"COM2",0.772,1,0.74,0.619,0.691,0.461,0.478,0.596,0.63,0.674,0.67,0.677,0.66,0.638,0.472,0.387,0.409,0.377,0.378,0.298,0.183,0.399,0.489,0.559,0.56,0.425,0.496,0.514,0.511,0.498,0.454,0.368,0.308,0.364,0.407,0.377,0.29,0.407,0.397,0.405,0.591,0.569,0.554,0.566,0.231,0.165,0.279,0.159,0.172,0.155,0.484,0.512,0.556,0.548,0.555,0.546,0.548,0.52,0.498
"COM3",0.743,0.74,1,0.569,0.688,0.403,0.46,0.663,0.622,0.651,0.648,0.664,0.643,0.662,0.501,0.465,0.37,0.411,0.42,0.312,0.224,0.369,0.478,0.501,0.489,0.415,0.465,0.513,0.505,0.519,0.455,0.376,0.37,0.437,0.408,0.415,0.293,0.4,0.449,0.484,0.629,0.63,0.606,0.617,0.254,0.23,0.304,0.234,0.239,0.212,0.516,0.553,0.6,0.542,0.543,0.57,0.599,0.562,0.494
"COM4",0.575,0.619,0.569,1,0.579,0.463,0.477,0.545,0.546,0.574,0.521,0.556,0.503,0.514,0.429,0.4,0.408,0.378,0.39,0.284,0.161,0.376,0.435,0.467,0.453,0.424,0.422,0.415,0.425,0.355,0.38,0.342,0.305,0.351,0.294,0.348,0.275,0.415,0.416,0.371,0.484,0.44,0.496,0.483,0.247,0.179,0.288,0.241,0.224,0.19,0.477,0.476,0.465,0.458,0.458,0.49,0.509,0.467,0.427
"COM5",0.669,0.691,0.688,0.579,1,0.453,0.51,0.602,0.574,0.598,0.592,0.625,0.606,0.621,0.494,0.46,0.432,0.436,0.385,0.274,0.154,0.345,0.427,0.459,0.465,0.377,0.442,0.499,0.442,0.504,0.483,0.372,0.371,0.396,0.372,0.366,0.244,0.439,0.393,0.399,0.532,0.549,0.569,0.576,0.223,0.197,0.288,0.228,0.215,0.171,0.493,0.498,0.498,0.515,0.522,0.522,0.533,0.515,0.484
"COM6",0.397,0.461,0.403,0.463,0.453,1,0.709,0.474,0.372,0.384,0.403,0.386,0.374,0.384,0.372,0.366,0.349,0.361,0.32,0.191,0.175,0.238,0.313,0.342,0.343,0.387,0.312,0.336,0.267,0.317,0.282,0.361,0.34,0.289,0.285,0.333,0.264,0.3,0.282,0.281,0.36,0.323,0.36,0.365,0.237,0.248,0.216,0.202,0.233,0.241,0.37,0.297,0.311,0.343,0.342,0.35,0.347,0.25,0.302
"COM7",0.42,0.478,0.46,0.477,0.51,0.709,1,0.542,0.457,0.429,0.467,0.45,0.435,0.444,0.381,0.438,0.361,0.353,0.428,0.194,0.122,0.265,0.402,0.397,0.376,0.401,0.37,0.392,0.32,0.421,0.415,0.359,0.402,0.392,0.331,0.369,0.235,0.392,0.344,0.387,0.371,0.396,0.443,0.468,0.235,0.169,0.251,0.225,0.237,0.233,0.467,0.394,0.398,0.449,0.461,0.478,0.44,0.392,0.393
"COM8",0.652,0.596,0.663,0.545,0.602,0.474,0.542,1,0.69,0.615,0.628,0.639,0.647,0.672,0.424,0.425,0.407,0.385,0.426,0.284,0.204,0.372,0.498,0.491,0.457,0.38,0.463,0.516,0.471,0.485,0.482,0.375,0.393,0.476,0.421,0.421,0.309,0.463,0.485,0.55,0.584,0.561,0.607,0.611,0.275,0.206,0.286,0.241,0.229,0.234,0.542,0.553,0.571,0.531,0.518,0.516,0.591,0.534,0.47
"COM9",0.665,0.63,0.622,0.546,0.574,0.372,0.457,0.69,1,0.628,0.651,0.661,0.677,0.655,0.362,0.348,0.335,0.335,0.345,0.328,0.147,0.415,0.476,0.521,0.511,0.395,0.428,0.496,0.489,0.482,0.428,0.332,0.325,0.399,0.385,0.328,0.237,0.392,0.371,0.426,0.578,0.594,0.582,0.601,0.251,0.143,0.224,0.163,0.179,0.163,0.519,0.545,0.598,0.495,0.495,0.496,0.569,0.548,0.447
"PS1",0.712,0.674,0.651,0.574,0.598,0.384,0.429,0.615,0.628,1,0.749,0.809,0.728,0.732,0.433,0.338,0.404,0.361,0.405,0.366,0.173,0.45,0.508,0.527,0.493,0.405,0.501,0.497,0.557,0.511,0.466,0.365,0.308,0.382,0.374,0.386,0.287,0.419,0.417,0.462,0.648,0.594,0.594,0.603,0.239,0.208,0.317,0.21,0.235,0.202,0.548,0.566,0.593,0.537,0.48,0.519,0.589,0.554,0.518
"PS2",0.662,0.67,0.648,0.521,0.592,0.403,0.467,0.628,0.651,0.749,1,0.788,0.721,0.723,0.379,0.342,0.384,0.366,0.428,0.345,0.19,0.46,0.505,0.511,0.467,0.391,0.475,0.515,0.485,0.515,0.499,0.356,0.309,0.416,0.422,0.423,0.277,0.41,0.429,0.47,0.648,0.631,0.628,0.604,0.269,0.208,0.295,0.188,0.251,0.209,0.554,0.56,0.575,0.556,0.474,0.514,0.625,0.575,0.485
"PS3",0.718,0.677,0.664,0.556,0.625,0.386,0.45,0.639,0.661,0.809,0.788,1,0.769,0.797,0.437,0.372,0.386,0.371,0.398,0.391,0.193,0.481,0.555,0.589,0.556,0.416,0.519,0.541,0.557,0.578,0.462,0.36,0.312,0.42,0.452,0.393,0.29,0.455,0.408,0.467,0.648,0.655,0.638,0.618,0.312,0.226,0.328,0.247,0.255,0.196,0.57,0.603,0.652,0.584,0.555,0.551,0.659,0.589,0.499
"PS4",0.716,0.66,0.643,0.503,0.606,0.374,0.435,0.647,0.677,0.728,0.721,0.769,1,0.793,0.431,0.334,0.436,0.357,0.405,0.389,0.207,0.464,0.546,0.561,0.539,0.417,0.515,0.52,0.535,0.521,0.473,0.315,0.277,0.394,0.425,0.369,0.267,0.387,0.357,0.439,0.648,0.599,0.615,0.634,0.248,0.207,0.24,0.183,0.192,0.185,0.517,0.543,0.63,0.534,0.509,0.534,0.578,0.543,0.444
"PS5",0.731,0.638,0.662,0.514,0.621,0.384,0.444,0.672,0.655,0.732,0.723,0.797,0.793,1,0.391,0.343,0.364,0.356,0.406,0.357,0.146,0.41,0.549,0.55,0.545,0.435,0.457,0.525,0.494,0.503,0.487,0.304,0.273,0.364,0.359,0.37,0.215,0.396,0.373,0.448,0.643,0.64,0.628,0.631,0.229,0.191,0.271,0.217,0.238,0.184,0.541,0.605,0.624,0.563,0.531,0.522,0.612,0.607,0.481
"MO1",0.474,0.472,0.501,0.429,0.494,0.372,0.381,0.424,0.362,0.433,0.379,0.437,0.431,0.391,1,0.749,0.465,0.545,0.445,0.198,0.142,0.341,0.375,0.413,0.373,0.356,0.546,0.5,0.495,0.52,0.503,0.411,0.359,0.394,0.403,0.435,0.301,0.448,0.389,0.413,0.453,0.415,0.462,0.417,0.236,0.202,0.287,0.195,0.233,0.222,0.4,0.4,0.416,0.41,0.398,0.418,0.413,0.382,0.317
"MO2",0.4,0.387,0.465,0.4,0.46,0.366,0.438,0.425,0.348,0.338,0.342,0.372,0.334,0.343,0.749,1,0.399,0.558,0.435,0.176,0.138,0.284,0.323,0.344,0.335,0.315,0.509,0.529,0.446,0.508,0.53,0.403,0.369,0.441,0.363,0.424,0.27,0.464,0.396,0.421,0.453,0.423,0.468,0.441,0.282,0.235,0.348,0.296,0.325,0.294,0.439,0.413,0.407,0.416,0.423,0.458,0.466,0.392,0.319
"MO3",0.388,0.409,0.37,0.408,0.432,0.349,0.361,0.407,0.335,0.404,0.384,0.386,0.436,0.364,0.465,0.399,1,0.561,0.503,0.297,0.278,0.32,0.362,0.427,0.412,0.395,0.407,0.39,0.378,0.373,0.294,0.282,0.271,0.327,0.357,0.313,0.315,0.352,0.332,0.355,0.367,0.329,0.379,0.328,0.313,0.304,0.332,0.316,0.327,0.301,0.422,0.421,0.351,0.36,0.417,0.403,0.329,0.334,0.363
"MO4",0.389,0.377,0.411,0.378,0.436,0.361,0.353,0.385,0.335,0.361,0.366,0.371,0.357,0.356,0.545,0.558,0.561,1,0.497,0.255,0.235,0.308,0.407,0.434,0.417,0.409,0.483,0.511,0.478,0.504,0.439,0.303,0.267,0.363,0.355,0.383,0.28,0.415,0.376,0.424,0.441,0.412,0.436,0.428,0.383,0.321,0.378,0.34,0.375,0.326,0.404,0.411,0.379,0.365,0.353,0.393,0.386,0.378,0.336
"MO5",0.383,0.378,0.42,0.39,0.385,0.32,0.428,0.426,0.345,0.405,0.428,0.398,0.405,0.406,0.445,0.435,0.503,0.497,1,0.252,0.228,0.295,0.417,0.415,0.367,0.364,0.387,0.441,0.383,0.436,0.348,0.3,0.295,0.403,0.337,0.358,0.298,0.392,0.403,0.431,0.389,0.411,0.421,0.422,0.293,0.236,0.286,0.263,0.266,0.255,0.377,0.413,0.388,0.412,0.434,0.436,0.432,0.398,0.371
"TP1",0.361,0.298,0.312,0.284,0.274,0.191,0.194,0.284,0.328,0.366,0.345,0.391,0.389,0.357,0.198,0.176,0.297,0.255,0.252,1,0.603,0.666,0.409,0.41,0.37,0.323,0.303,0.345,0.341,0.283,0.23,0.224,0.148,0.259,0.233,0.209,0.199,0.314,0.293,0.313,0.436,0.404,0.404,0.375,0.325,0.321,0.322,0.312,0.283,0.267,0.378,0.412,0.399,0.353,0.293,0.309,0.373,0.359,0.287
"TP2",0.193,0.183,0.224,0.161,0.154,0.175,0.122,0.204,0.147,0.173,0.19,0.193,0.207,0.146,0.142,0.138,0.278,0.235,0.228,0.603,1,0.477,0.28,0.267,0.248,0.267,0.199,0.211,0.222,0.183,0.112,0.146,0.192,0.221,0.125,0.17,0.223,0.179,0.237,0.242,0.256,0.258,0.237,0.222,0.358,0.444,0.357,0.413,0.364,0.427,0.297,0.295,0.261,0.222,0.265,0.233,0.237,0.208,0.211
"TP4",0.471,0.399,0.369,0.376,0.345,0.238,0.265,0.372,0.415,0.45,0.46,0.481,0.464,0.41,0.341,0.284,0.32,0.308,0.295,0.666,0.477,1,0.472,0.448,0.456,0.35,0.414,0.432,0.471,0.409,0.373,0.318,0.245,0.381,0.368,0.338,0.271,0.4,0.386,0.42,0.52,0.484,0.505,0.457,0.343,0.34,0.401,0.306,0.297,0.303,0.442,0.477,0.496,0.415,0.341,0.415,0.463,0.455,0.327
"IT1",0.549,0.489,0.478,0.435,0.427,0.313,0.402,0.498,0.476,0.508,0.505,0.555,0.546,0.549,0.375,0.323,0.362,0.407,0.417,0.409,0.28,0.472,1,0.863,0.732,0.638,0.486,0.517,0.496,0.517,0.439,0.337,0.317,0.441,0.389,0.402,0.241,0.44,0.476,0.514,0.587,0.567,0.545,0.626,0.305,0.228,0.283,0.211,0.209,0.185,0.539,0.526,0.586,0.535,0.512,0.492,0.541,0.541,0.415
"IT2",0.552,0.559,0.501,0.467,0.459,0.342,0.397,0.491,0.521,0.527,0.511,0.589,0.561,0.55,0.413,0.344,0.427,0.434,0.415,0.41,0.267,0.448,0.863,1,0.809,0.678,0.501,0.516,0.506,0.499,0.425,0.339,0.323,0.447,0.435,0.421,0.267,0.479,0.484,0.505,0.578,0.573,0.553,0.61,0.316,0.222,0.298,0.26,0.238,0.237,0.54,0.528,0.577,0.499,0.525,0.501,0.553,0.567,0.457
"IT3",0.543,0.56,0.489,0.453,0.465,0.343,0.376,0.457,0.511,0.493,0.467,0.556,0.539,0.545,0.373,0.335,0.412,0.417,0.367,0.37,0.248,0.456,0.732,0.809,1,0.712,0.457,0.514,0.486,0.495,0.414,0.334,0.306,0.411,0.418,0.419,0.258,0.424,0.399,0.451,0.556,0.557,0.543,0.525,0.346,0.272,0.311,0.267,0.243,0.235,0.495,0.495,0.569,0.479,0.524,0.437,0.522,0.51,0.45
"IT4",0.384,0.425,0.415,0.424,0.377,0.387,0.401,0.38,0.395,0.405,0.391,0.416,0.417,0.435,0.356,0.315,0.395,0.409,0.364,0.323,0.267,0.35,0.638,0.678,0.712,1,0.396,0.46,0.38,0.418,0.363,0.328,0.341,0.408,0.362,0.377,0.32,0.369,0.388,0.416,0.447,0.441,0.473,0.454,0.271,0.284,0.284,0.249,0.24,0.26,0.44,0.411,0.465,0.417,0.467,0.373,0.422,0.419,0.433
"CEV1",0.534,0.496,0.465,0.422,0.442,0.312,0.37,0.463,0.428,0.501,0.475,0.519,0.515,0.457,0.546,0.509,0.407,0.483,0.387,0.303,0.199,0.414,0.486,0.501,0.457,0.396,1,0.718,0.765,0.678,0.715,0.543,0.435,0.504,0.524,0.536,0.338,0.521,0.497,0.532,0.611,0.541,0.596,0.564,0.34,0.24,0.301,0.249,0.253,0.27,0.499,0.515,0.502,0.59,0.562,0.581,0.573,0.539,0.513
"CEV2",0.541,0.514,0.513,0.415,0.499,0.336,0.392,0.516,0.496,0.497,0.515,0.541,0.52,0.525,0.5,0.529,0.39,0.511,0.441,0.345,0.211,0.432,0.517,0.516,0.514,0.46,0.718,1,0.735,0.75,0.696,0.51,0.452,0.572,0.541,0.536,0.328,0.536,0.523,0.564,0.658,0.66,0.666,0.648,0.329,0.229,0.312,0.205,0.246,0.231,0.519,0.588,0.61,0.644,0.589,0.6,0.645,0.57,0.584
"CEV3",0.538,0.511,0.505,0.425,0.442,0.267,0.32,0.471,0.489,0.557,0.485,0.557,0.535,0.494,0.495,0.446,0.378,0.478,0.383,0.341,0.222,0.471,0.496,0.506,0.486,0.38,0.765,0.735,1,0.779,0.699,0.499,0.443,0.517,0.509,0.514,0.351,0.509,0.508,0.545,0.652,0.599,0.633,0.583,0.299,0.221,0.303,0.243,0.225,0.22,0.484,0.532,0.594,0.577,0.554,0.592,0.561,0.581,0.546
"CEV4",0.532,0.498,0.519,0.355,0.504,0.317,0.421,0.485,0.482,0.511,0.515,0.578,0.521,0.503,0.52,0.508,0.373,0.504,0.436,0.283,0.183,0.409,0.517,0.499,0.495,0.418,0.678,0.75,0.779,1,0.708,0.511,0.451,0.581,0.569,0.559,0.399,0.528,0.545,0.588,0.596,0.621,0.617,0.608,0.301,0.258,0.34,0.285,0.306,0.237,0.5,0.529,0.598,0.581,0.571,0.559,0.554,0.533,0.52
"CEV5",0.479,0.454,0.455,0.38,0.483,0.282,0.415,0.482,0.428,0.466,0.499,0.462,0.473,0.487,0.503,0.53,0.294,0.439,0.348,0.23,0.112,0.373,0.439,0.425,0.414,0.363,0.715,0.696,0.699,0.708,1,0.482,0.434,0.528,0.495,0.491,0.287,0.525,0.507,0.56,0.59,0.561,0.619,0.605,0.245,0.196,0.302,0.204,0.234,0.237,0.475,0.515,0.513,0.522,0.478,0.502,0.56,0.519,0.458
"CG1",0.347,0.368,0.376,0.342,0.372,0.361,0.359,0.375,0.332,0.365,0.356,0.36,0.315,0.304,0.411,0.403,0.282,0.303,0.3,0.224,0.146,0.318,0.337,0.339,0.334,0.328,0.543,0.51,0.499,0.511,0.482,1,0.694,0.648,0.609,0.573,0.371,0.572,0.539,0.539,0.406,0.408,0.435,0.387,0.291,0.264,0.262,0.307,0.288,0.261,0.371,0.374,0.387,0.469,0.462,0.442,0.431,0.384,0.495
"CG2",0.298,0.308,0.37,0.305,0.371,0.34,0.402,0.393,0.325,0.308,0.309,0.312,0.277,0.273,0.359,0.369,0.271,0.267,0.295,0.148,0.192,0.245,0.317,0.323,0.306,0.341,0.435,0.452,0.443,0.451,0.434,0.694,1,0.631,0.584,0.615,0.441,0.555,0.57,0.542,0.371,0.371,0.415,0.384,0.273,0.231,0.272,0.311,0.238,0.295,0.368,0.386,0.368,0.412,0.416,0.393,0.369,0.365,0.446
"CG3",0.392,0.364,0.437,0.351,0.396,0.289,0.392,0.476,0.399,0.382,0.416,0.42,0.394,0.364,0.394,0.441,0.327,0.363,0.403,0.259,0.221,0.381,0.441,0.447,0.411,0.408,0.504,0.572,0.517,0.581,0.528,0.648,0.631,1,0.592,0.582,0.408,0.574,0.642,0.671,0.482,0.542,0.543,0.511,0.315,0.233,0.338,0.297,0.303,0.333,0.482,0.48,0.496,0.498,0.476,0.517,0.549,0.48,0.484
"CG4",0.453,0.407,0.408,0.294,0.372,0.285,0.331,0.421,0.385,0.374,0.422,0.452,0.425,0.359,0.403,0.363,0.357,0.355,0.337,0.233,0.125,0.368,0.389,0.435,0.418,0.362,0.524,0.541,0.509,0.569,0.495,0.609,0.584,0.592,1,0.753,0.509,0.569,0.567,0.601,0.498,0.489,0.478,0.453,0.288,0.239,0.264,0.229,0.25,0.246,0.419,0.421,0.44,0.462,0.479,0.408,0.463,0.433,0.48
"CG5",0.416,0.377,0.415,0.348,0.366,0.333,0.369,0.421,0.328,0.386,0.423,0.393,0.369,0.37,0.435,0.424,0.313,0.383,0.358,0.209,0.17,0.338,0.402,0.421,0.419,0.377,0.536,0.536,0.514,0.559,0.491,0.573,0.615,0.582,0.753,1,0.512,0.607,0.603,0.638,0.459,0.432,0.467,0.446,0.272,0.291,0.295,0.295,0.29,0.312,0.428,0.431,0.41,0.478,0.427,0.415,0.443,0.417,0.46
"CG6",0.269,0.29,0.293,0.275,0.244,0.264,0.235,0.309,0.237,0.287,0.277,0.29,0.267,0.215,0.301,0.27,0.315,0.28,0.298,0.199,0.223,0.271,0.241,0.267,0.258,0.32,0.338,0.328,0.351,0.399,0.287,0.371,0.441,0.408,0.509,0.512,1,0.579,0.56,0.458,0.287,0.283,0.309,0.276,0.283,0.339,0.33,0.378,0.385,0.365,0.353,0.381,0.31,0.288,0.313,0.238,0.244,0.252,0.36
"CG7",0.408,0.407,0.4,0.415,0.439,0.3,0.392,0.463,0.392,0.419,0.41,0.455,0.387,0.396,0.448,0.464,0.352,0.415,0.392,0.314,0.179,0.4,0.44,0.479,0.424,0.369,0.521,0.536,0.509,0.528,0.525,0.572,0.555,0.574,0.569,0.607,0.579,1,0.741,0.71,0.466,0.491,0.5,0.509,0.376,0.285,0.362,0.334,0.314,0.247,0.502,0.517,0.501,0.499,0.485,0.462,0.5,0.485,0.49
"CG8",0.376,0.397,0.449,0.416,0.393,0.282,0.344,0.485,0.371,0.417,0.429,0.408,0.357,0.373,0.389,0.396,0.332,0.376,0.403,0.293,0.237,0.386,0.476,0.484,0.399,0.388,0.497,0.523,0.508,0.545,0.507,0.539,0.57,0.642,0.567,0.603,0.56,0.741,1,0.769,0.471,0.472,0.469,0.48,0.333,0.271,0.365,0.335,0.316,0.296,0.488,0.494,0.466,0.48,0.475,0.457,0.514,0.467,0.455
"CG9",0.468,0.405,0.484,0.371,0.399,0.281,0.387,0.55,0.426,0.462,0.47,0.467,0.439,0.448,0.413,0.421,0.355,0.424,0.431,0.313,0.242,0.42,0.514,0.505,0.451,0.416,0.532,0.564,0.545,0.588,0.56,0.539,0.542,0.671,0.601,0.638,0.458,0.71,0.769,1,0.553,0.554,0.603,0.582,0.36,0.28,0.355,0.34,0.318,0.32,0.542,0.527,0.52,0.535,0.493,0.453,0.557,0.518,0.488
"ETH1",0.704,0.591,0.629,0.484,0.532,0.36,0.371,0.584,0.578,0.648,0.648,0.648,0.648,0.643,0.453,0.453,0.367,0.441,0.389,0.436,0.256,0.52,0.587,0.578,0.556,0.447,0.611,0.658,0.652,0.596,0.59,0.406,0.371,0.482,0.498,0.459,0.287,0.466,0.471,0.553,1,0.796,0.798,0.792,0.269,0.246,0.335,0.224,0.239,0.223,0.59,0.634,0.671,0.655,0.567,0.572,0.71,0.66,0.561
"ETH2",0.65,0.569,0.63,0.44,0.549,0.323,0.396,0.561,0.594,0.594,0.631,0.655,0.599,0.64,0.415,0.423,0.329,0.412,0.411,0.404,0.258,0.484,0.567,0.573,0.557,0.441,0.541,0.66,0.599,0.621,0.561,0.408,0.371,0.542,0.489,0.432,0.283,0.491,0.472,0.554,0.796,1,0.842,0.779,0.334,0.256,0.347,0.231,0.279,0.224,0.595,0.639,0.672,0.643,0.574,0.599,0.741,0.691,0.568
"ETH3",0.629,0.554,0.606,0.496,0.569,0.36,0.443,0.607,0.582,0.594,0.628,0.638,0.615,0.628,0.462,0.468,0.379,0.436,0.421,0.404,0.237,0.505,0.545,0.553,0.543,0.473,0.596,0.666,0.633,0.617,0.619,0.435,0.415,0.543,0.478,0.467,0.309,0.5,0.469,0.603,0.798,0.842,1,0.829,0.288,0.245,0.318,0.251,0.256,0.259,0.63,0.663,0.685,0.664,0.588,0.608,0.736,0.696,0.58
"ETH4",0.675,0.566,0.617,0.483,0.576,0.365,0.468,0.611,0.601,0.603,0.604,0.618,0.634,0.631,0.417,0.441,0.328,0.428,0.422,0.375,0.222,0.457,0.626,0.61,0.525,0.454,0.564,0.648,0.583,0.608,0.605,0.387,0.384,0.511,0.453,0.446,0.276,0.509,0.48,0.582,0.792,0.779,0.829,1,0.307,0.252,0.305,0.231,0.24,0.241,0.625,0.645,0.657,0.685,0.584,0.63,0.718,0.693,0.561
"TC1",0.249,0.231,0.254,0.247,0.223,0.237,0.235,0.275,0.251,0.239,0.269,0.312,0.248,0.229,0.236,0.282,0.313,0.383,0.293,0.325,0.358,0.343,0.305,0.316,0.346,0.271,0.34,0.329,0.299,0.301,0.245,0.291,0.273,0.315,0.288,0.272,0.283,0.376,0.333,0.36,0.269,0.334,0.288,0.307,1,0.656,0.557,0.501,0.52,0.446,0.45,0.448,0.436,0.359,0.317,0.405,0.378,0.358,0.322
"TC2",0.211,0.165,0.23,0.179,0.197,0.248,0.169,0.206,0.143,0.208,0.208,0.226,0.207,0.191,0.202,0.235,0.304,0.321,0.236,0.321,0.444,0.34,0.228,0.222,0.272,0.284,0.24,0.229,0.221,0.258,0.196,0.264,0.231,0.233,0.239,0.291,0.339,0.285,0.271,0.28,0.246,0.256,0.245,0.252,0.656,1,0.632,0.639,0.646,0.624,0.357,0.396,0.338,0.275,0.279,0.277,0.267,0.274,0.309
"TC3",0.269,0.279,0.304,0.288,0.288,0.216,0.251,0.286,0.224,0.317,0.295,0.328,0.24,0.271,0.287,0.348,0.332,0.378,0.286,0.322,0.357,0.401,0.283,0.298,0.311,0.284,0.301,0.312,0.303,0.34,0.302,0.262,0.272,0.338,0.264,0.295,0.33,0.362,0.365,0.355,0.335,0.347,0.318,0.305,0.557,0.632,1,0.721,0.725,0.693,0.471,0.454,0.419,0.346,0.342,0.397,0.391,0.309,0.32
"TC4",0.162,0.159,0.234,0.241,0.228,0.202,0.225,0.241,0.163,0.21,0.188,0.247,0.183,0.217,0.195,0.296,0.316,0.34,0.263,0.312,0.413,0.306,0.211,0.26,0.267,0.249,0.249,0.205,0.243,0.285,0.204,0.307,0.311,0.297,0.229,0.295,0.378,0.334,0.335,0.34,0.224,0.231,0.251,0.231,0.501,0.639,0.721,1,0.834,0.804,0.412,0.394,0.33,0.292,0.282,0.297,0.286,0.235,0.297
"TC5",0.205,0.172,0.239,0.224,0.215,0.233,0.237,0.229,0.179,0.235,0.251,0.255,0.192,0.238,0.233,0.325,0.327,0.375,0.266,0.283,0.364,0.297,0.209,0.238,0.243,0.24,0.253,0.246,0.225,0.306,0.234,0.288,0.238,0.303,0.25,0.29,0.385,0.314,0.316,0.318,0.239,0.279,0.256,0.24,0.52,0.646,0.725,0.834,1,0.838,0.421,0.373,0.3,0.31,0.292,0.311,0.306,0.262,0.319
"TC6",0.199,0.155,0.212,0.19,0.171,0.241,0.233,0.234,0.163,0.202,0.209,0.196,0.185,0.184,0.222,0.294,0.301,0.326,0.255,0.267,0.427,0.303,0.185,0.237,0.235,0.26,0.27,0.231,0.22,0.237,0.237,0.261,0.295,0.333,0.246,0.312,0.365,0.247,0.296,0.32,0.223,0.224,0.259,0.241,0.446,0.624,0.693,0.804,0.838,1,0.407,0.368,0.275,0.265,0.244,0.284,0.283,0.229,0.281
"AJ1",0.502,0.484,0.516,0.477,0.493,0.37,0.467,0.542,0.519,0.548,0.554,0.57,0.517,0.541,0.4,0.439,0.422,0.404,0.377,0.378,0.297,0.442,0.539,0.54,0.495,0.44,0.499,0.519,0.484,0.5,0.475,0.371,0.368,0.482,0.419,0.428,0.353,0.502,0.488,0.542,0.59,0.595,0.63,0.625,0.45,0.357,0.471,0.412,0.421,0.407,1,0.789,0.718,0.653,0.554,0.67,0.659,0.585,0.539
"AJ2",0.565,0.512,0.553,0.476,0.498,0.297,0.394,0.553,0.545,0.566,0.56,0.603,0.543,0.605,0.4,0.413,0.421,0.411,0.413,0.412,0.295,0.477,0.526,0.528,0.495,0.411,0.515,0.588,0.532,0.529,0.515,0.374,0.386,0.48,0.421,0.431,0.381,0.517,0.494,0.527,0.634,0.639,0.663,0.645,0.448,0.396,0.454,0.394,0.373,0.368,0.789,1,0.82,0.663,0.566,0.631,0.705,0.661,0.596
"AJ3",0.613,0.556,0.6,0.465,0.498,0.311,0.398,0.571,0.598,0.593,0.575,0.652,0.63,0.624,0.416,0.407,0.351,0.379,0.388,0.399,0.261,0.496,0.586,0.577,0.569,0.465,0.502,0.61,0.594,0.598,0.513,0.387,0.368,0.496,0.44,0.41,0.31,0.501,0.466,0.52,0.671,0.672,0.685,0.657,0.436,0.338,0.419,0.33,0.3,0.275,0.718,0.82,1,0.661,0.602,0.648,0.724,0.658,0.559
"AQ1",0.59,0.548,0.542,0.458,0.515,0.343,0.449,0.531,0.495,0.537,0.556,0.584,0.534,0.563,0.41,0.416,0.36,0.365,0.412,0.353,0.222,0.415,0.535,0.499,0.479,0.417,0.59,0.644,0.577,0.581,0.522,0.469,0.412,0.498,0.462,0.478,0.288,0.499,0.48,0.535,0.655,0.643,0.664,0.685,0.359,0.275,0.346,0.292,0.31,0.265,0.653,0.663,0.661,1,0.679,0.708,0.741,0.64,0.638
"AQ2",0.572,0.555,0.543,0.458,0.522,0.342,0.461,0.518,0.495,0.48,0.474,0.555,0.509,0.531,0.398,0.423,0.417,0.353,0.434,0.293,0.265,0.341,0.512,0.525,0.524,0.467,0.562,0.589,0.554,0.571,0.478,0.462,0.416,0.476,0.479,0.427,0.313,0.485,0.475,0.493,0.567,0.574,0.588,0.584,0.317,0.279,0.342,0.282,0.292,0.244,0.554,0.566,0.602,0.679,1,0.714,0.68,0.62,0.63
"AQ3",0.554,0.546,0.57,0.49,0.522,0.35,0.478,0.516,0.496,0.519,0.514,0.551,0.534,0.522,0.418,0.458,0.403,0.393,0.436,0.309,0.233,0.415,0.492,0.501,0.437,0.373,0.581,0.6,0.592,0.559,0.502,0.442,0.393,0.517,0.408,0.415,0.238,0.462,0.457,0.453,0.572,0.599,0.608,0.63,0.405,0.277,0.397,0.297,0.311,0.284,0.67,0.631,0.648,0.708,0.714,1,0.731,0.696,0.635
"AQ4",0.608,0.548,0.599,0.509,0.533,0.347,0.44,0.591,0.569,0.589,0.625,0.659,0.578,0.612,0.413,0.466,0.329,0.386,0.432,0.373,0.237,0.463,0.541,0.553,0.522,0.422,0.573,0.645,0.561,0.554,0.56,0.431,0.369,0.549,0.463,0.443,0.244,0.5,0.514,0.557,0.71,0.741,0.736,0.718,0.378,0.267,0.391,0.286,0.306,0.283,0.659,0.705,0.724,0.741,0.68,0.731,1,0.738,0.633
"AQ5",0.601,0.52,0.562,0.467,0.515,0.25,0.392,0.534,0.548,0.554,0.575,0.589,0.543,0.607,0.382,0.392,0.334,0.378,0.398,0.359,0.208,0.455,0.541,0.567,0.51,0.419,0.539,0.57,0.581,0.533,0.519,0.384,0.365,0.48,0.433,0.417,0.252,0.485,0.467,0.518,0.66,0.691,0.696,0.693,0.358,0.274,0.309,0.235,0.262,0.229,0.585,0.661,0.658,0.64,0.62,0.696,0.738,1,0.683
"AQ6",0.493,0.498,0.494,0.427,0.484,0.302,0.393,0.47,0.447,0.518,0.485,0.499,0.444,0.481,0.317,0.319,0.363,0.336,0.371,0.287,0.211,0.327,0.415,0.457,0.45,0.433,0.513,0.584,0.546,0.52,0.458,0.495,0.446,0.484,0.48,0.46,0.36,0.49,0.455,0.488,0.561,0.568,0.58,0.561,0.322,0.309,0.32,0.297,0.319,0.281,0.539,0.596,0.559,0.638,0.63,0.635,0.633,0.683,1
