"Responder ID","flag_straightline","flag_longstring","flag_speeding","flag_inconsistent","flag_duplicate","n_flags","qc_remove","longstring_max","irv"
"2_ABaOnueJpppp5UdcCC-xjz3wZmhoDY0y2W0CrIzeWCyMBwzxr_919Gky_VJwM6UZKw",TRUE,TRUE,FALSE,TRUE,TRUE,4,TRUE,59,0
"2_ABaOnufzAfUHRIhZ940Sajos-Liaibs3pZ_22BoUevP2074aQsl2MINJsCoOm4_BUg",FALSE,FALSE,FALSE,FALSE,FALSE,0,FALSE,11,0.629027061289111
"2_ABaOnuc022ebL8DQ2OFIimxOX5GXJR-ufNOao42Xc9UY9ari6XP66ySWxmDj7EpbPA",FALSE,FALSE,FALSE,FALSE,FALSE,0,FALSE,9,0.63227068458503
"2_ABaOnucNYlbAHDHshzoPPI4QqvvFw2bZqm9x090Hh1XQj7NHsQb_mw2Xvuyl4Wzp2A",FALSE,FALSE,FALSE,FALSE,FALSE,0,FALSE,37,0.336725386588411
"2_ABaOnucuGP2OZZHZfgqC4dPLOZXxEjm60ZWtfr5CpWWRjThB2zD63DnjiCWJ60Bwlw",FALSE,FALSE,FALSE,FALSE,FALSE,0,FALSE,12,0.538955849178868
"2_ABaOnuenRQxM0CB9LWkoWii2SIaFJGq-exKvLlRZZKTGKrQxdgaHnQPmoWzRxHSP2A",FALSE,FALSE,FALSE,FALSE,FALSE,0,FALSE,13,0.485319250581912
"2_ABaOnucYCCxm7HVI56CvF87B_A4HYRCnwAfVwPCwIAzkWmE4R9iqXT90MM5mvxlBTw",FALSE,FALSE,FALSE,FALSE,FALSE,0,FALSE,9,0.749049660907831
"2_ABaOnuehIaAj-iB9ofLl0uqcTnOZmfoesY6UnFv-4GHVfF5-JgKaPf2F0T_jMUZJ5Q",FALSE,FALSE,FALSE,FALSE,FALSE,0,FALSE,15,0.44838824289303
"2_ABaOnud2_Pxs15G3NG4b0OzxvKuZ2pI5pAXNY-Ohxv-qpg762HYLyQBBmhHzTCBQ8g",FALSE,FALSE,FALSE,FALSE,FALSE,0,FALSE,13,0.661631089370788
"2_ABaOnuehbMtMfezn-skpPFqblZJAE0v1EVHGL9xZ76OQW8vbEy0G1CMseF4yU8oiCA",FALSE,FALSE,FALSE,FALSE,FALSE,0,FALSE,14,0.456782127859628
"2_ABaOnuepyoEXHtm-zPVNYBmW242rRLln7Jrk7gDoDEpDVbAZQR1tvrS0ovTBFaiyaA",FALSE,FALSE,FALSE,FALSE,FALSE,0,FALSE,14,0.553929694429305
"2_ABaOnudG_hs_AMAYUOmNBnPP5UWJxqUL6c1vZIXBVsXhZB730YcC29QiGcCe4ZGgDQ",FALSE,FALSE,FALSE,FALSE,FALSE,0,FALSE,18,0.506532429642337
"2_ABaOnuft5Vk3kTDpizoYZH1NgUHCIDgAJCEqIb6Rwb-8PmSCL6W9bLmYmio-Uq2-cA",FALSE,FALSE,FALSE,FALSE,FALSE,0,FALSE,7,0.517377733829262
"2_ABaOnudSMYXWKFJwn8XxSTSS34iLPpd4IhYLitorYKBsJyQY1SJwV-ixhBpq8Yth7w",FALSE,FALSE,FALSE,FALSE,FALSE,0,FALSE,55,0.130188910980824
"2_ABaOnud-K-qFIvtPi-4fgxYxxfl0tsTNMn_d45iw4--MuWjN7r2u7qzY0r1_ZhBZAg",FALSE,FALSE,FALSE,FALSE,FALSE,0,FALSE,3,0.7010887416931
"2_ABaOnudViw0OakDrY50oI_Jxk0GglDlgGNlB1JfqaQ3MqoyZu2-wQY6w0Ud6u8YJug",FALSE,FALSE,FALSE,FALSE,FALSE,0,FALSE,24,0.418033021718648
"2_ABaOnufSEuOWth3VQVbR4kjTUTeCtgX37b71zojZ_-OM1ITrdFlNwMOCbYAL1_0jVg",FALSE,FALSE,FALSE,FALSE,FALSE,0,FALSE,9,0.848211237102487
"2_ABaOnud0AN3mxU4QKm7Eq0FeOKOWW2pwzAcMy7UtPhwU7yHnvs_7x_KVE5LMJGhlGw",FALSE,FALSE,FALSE,FALSE,FALSE,0,FALSE,8,0.818760163740057
"2_ABaOnudGWrZPdpEe1VP7v_SWvpcGdLIKYAzHp5CLs68HRcGrXhfaNbiTDJUYIzfkaw",FALSE,FALSE,FALSE,FALSE,FALSE,0,FALSE,9,0.765641493488776
"2_ABaOnucJCSZl0UxXBAJbilIljS3cygwYuz0XXX_gNoV_katBaG8n-zUCXdYJs7h_Qw",FALSE,FALSE,FALSE,FALSE,FALSE,0,FALSE,56,0.221571877771722
"2_ABaOnucD-BjHfGFtT3skRHDakhQHAP12EIz2wZ-vyOXI6hs1p3xnWExie846nBBMHQ",FALSE,FALSE,FALSE,FALSE,FALSE,0,FALSE,11,0.547562474918814
"2_ABaOnuf9Z_WcXLvxtv6IPHJtXUK9VxYf6mIMGBQbquDclj2UdX6_Z8gpzqS1tx27kA",FALSE,FALSE,FALSE,FALSE,FALSE,0,FALSE,8,0.661631089370788
"2_ABaOnufjjDWytK0F9YX4o7qhNJdvPMwJpu3OfklgI1ZhsqXFWjlJaO1hs0dCHCMPeA",FALSE,FALSE,FALSE,FALSE,FALSE,0,FALSE,11,0.535692716161468
"2_ABaOnuc4BCNwuAAbiuBhEXknyV62WyQl-fg-0FSrdzLuO_p_ekSgYM-Uhr3wmiZJLQ",FALSE,FALSE,FALSE,FALSE,FALSE,0,FALSE,10,0.872664286730523
"2_ABaOnudwjfPLNGzBm2zH0KW62i-8QNRjZBLFmkD95aHZUiEXrJ8VZrspV2b5vIfblw",FALSE,FALSE,FALSE,FALSE,FALSE,0,FALSE,4,0.827634909924806
"2_ABaOnufn5ok-lo4_xjNP8SBKU7OABUdqfpi13ECeZOeGIm7AIKN4XuIFwb1ft9NAgg",FALSE,FALSE,FALSE,FALSE,FALSE,0,FALSE,10,0.872664286730523
"2_ABaOnucqDb6avlGOWh8swSFYMPOtT-6eR6TOFfwX-ONmH9Urq-kEPsuKkdTlv6jCkw",FALSE,FALSE,FALSE,FALSE,FALSE,0,FALSE,7,0.898729540337058
"2_ABaOnucfz_0UoLgoaNB00bea7DBsysv2wmihhr0kIQ9JQDaNnRwGxRSBuGDYIvpm1g",FALSE,FALSE,FALSE,FALSE,FALSE,0,FALSE,8,0.498390161195177
"2_ABaOnudCKJVhucRTVG1nupUuOhrKXVmXRvqQqD5sYNQn34uxnm-Tp-VOJVwv1ICPQA",FALSE,FALSE,FALSE,FALSE,FALSE,0,FALSE,18,0.704000425056989
"2_ABaOnufaZl7i5RTga68MDztQq-JsPZ60GmxMT8LsxBbdDX0twTv9ufHDnAkVVQP_OA",FALSE,FALSE,FALSE,FALSE,FALSE,0,FALSE,4,0.64643969417099
"2_ABaOnudqRNWTjFkvp--Dw85a_yUtj5xunShR5knHGA1lfqM9poP0Ti1rrZiuVnopCw",FALSE,FALSE,FALSE,FALSE,FALSE,0,FALSE,10,0.788209432009258
"2_ABaOnuePEgoiNmVbwUMHL3KYjHrV40sZVFpbhDbLuDLiuxSMACafeE16Gc3jrdwAaw",FALSE,FALSE,FALSE,FALSE,FALSE,0,FALSE,26,0.702754037962493
"2_ABaOnufb_SO45mr4868VzXkPiwXmtN6n3dyw3-QB9I5Yvp0wgwcyu5fiGdcoJO51sA",FALSE,FALSE,FALSE,FALSE,FALSE,0,FALSE,12,0.558657487369532
"2_ABaOnud0ADvWGLaULm_meX2gnF8IOn-gepBmIVrCdJ98Cp6hAliP-DpegJAECuECTA",FALSE,FALSE,FALSE,FALSE,FALSE,0,FALSE,9,0.537326759761956
"2_ABaOnud4BXwwt3kJ5kITrNoaW5wU9_KVyeSpbDo1dHq-ZwIuzdhGz6HKGpnjQWrj4g",FALSE,FALSE,FALSE,FALSE,FALSE,0,FALSE,5,0.791169853442299
"2_ABaOnudSPZo8reVpx4ykvMrnalH5QYN_TxBdSbpt-KCJOOHL8A7f1V5XFBEAsnNt_w",FALSE,FALSE,FALSE,FALSE,FALSE,0,FALSE,5,0.498390161195177
"2_ABaOnucc03THXG6U1jSORHNpe8XZI6hxM13TgcvWU0e1xhWbcLbrh5Xjcx6mafXhOA",FALSE,FALSE,FALSE,FALSE,FALSE,0,FALSE,17,0.534053672902471
"2_ABaOnucoRtan_39wSvEzjgEGzYTz7Sc8RYxUwQZGSDzWygu2Zhep0ybQkMCUVa9bpw",FALSE,FALSE,FALSE,FALSE,FALSE,0,FALSE,8,0.684639858485468
"2_ABaOnueVIoVT2U7aJJml6Ekv0CHAP4v1nRNmTShQV9EFEot_ui7lOjSu1bdx6aCKNA",FALSE,FALSE,FALSE,FALSE,FALSE,0,FALSE,10,0.726069617475756
"2_ABaOnuccmu9B7KndNHi7uKQT90ScFnW6YsE7uXsVdeHSoKRswZqdu5wohB9YOxzWJA",FALSE,FALSE,FALSE,FALSE,FALSE,0,FALSE,8,0.652289946394357
"2_ABaOnudojshoyi7Ap11tOUFY4iv9J1MCaj-vM_dAQlkyqiRepg3VXIOsD-2VTMDB1A",FALSE,FALSE,FALSE,FALSE,FALSE,0,FALSE,9,0.504219484089611
"2_ABaOnufdftoGc_2zW3XB8wDsRsPIMVf212nN22ed4RkxYVT2AtT4Ogm7JNy5aKEUYw",FALSE,FALSE,FALSE,FALSE,FALSE,0,FALSE,14,0.485319250581912
"2_ABaOnucCobN7tIWtQTiREMc1W9OEO3ghmHhKJLNdWSwaUhUkQe2GimpTTMnDkXy1Fw",FALSE,FALSE,FALSE,FALSE,FALSE,0,FALSE,15,0.427024007772976
"2_ABaOnudb1Xfh5Bc7jX_mJbktXJlFukXCG8RxOJQGKbfsVIFHpATfFS4XHqsUH-H1Hg",FALSE,FALSE,FALSE,FALSE,FALSE,0,FALSE,19,0.495449780599845
"2_ABaOnueHmcn0Bnq5bOmPk-t7FVXHCp2BZ6BvBQZnlq4g1Nq2A2vGcGIfpmomxZjQHA",FALSE,FALSE,FALSE,FALSE,FALSE,0,FALSE,12,1.25619447023481
"2_ABaOnuda5VZmzEAyuAezW196UclHKTBp1HpD582dVMjj01vc9hAwiLwdm99bmMf7uQ",FALSE,FALSE,FALSE,FALSE,FALSE,0,FALSE,8,0.51226910666056
"2_ABaOnudgRQteq7g7ufFjhnXi1ZoSrqmAAfiyePCm4ZoMakwZnszcOd2-RvTp91gfjg",FALSE,FALSE,FALSE,FALSE,FALSE,0,FALSE,7,1
"2_ABaOnufZ5dxr6y_nVhZITPGObKt3DGdjq23q93n946w77IjESCQYKxWtEIvRbQirbw",FALSE,FALSE,FALSE,FALSE,FALSE,0,FALSE,8,0.871323787802856
"2_ABaOnufWBhhMQH5a7zZUoBn67TC39q2dqLWc0id2TM6JKyoQjUXt92Tuknx1KGP58Q",FALSE,FALSE,FALSE,FALSE,FALSE,0,FALSE,9,1.0043738362976
"2_ABaOnueN8pBtn1mc8wHe5047bAfnBkQHj9Lw4udiS8BAyE1f6w06myxeTA4mA-ziOQ",FALSE,FALSE,FALSE,FALSE,FALSE,0,FALSE,10,0.502477788093923
"2_ABaOnuefrS5GJRK7e7qzfyUnBHqy2nPmve6dNJqKALl0w-N789YGn_9gKXQ5YIefmw",FALSE,FALSE,FALSE,FALSE,FALSE,0,FALSE,26,0.578193239808203
"2_ABaOnucs8Vo_d5Qw_yLdfgo2vXSVjDMR0110OnVTX1pac_1XarWPoZyfVu7RJbretg",FALSE,FALSE,FALSE,FALSE,FALSE,0,FALSE,9,0.702754037962493
"2_ABaOnucZqg6HtuMJhYR-BS5g0Ti56d__EBMFrJbS7j2jO0XBuFmmhCjyCeyXtyXChg",FALSE,FALSE,FALSE,FALSE,FALSE,0,FALSE,9,0.822321555771879
"2_ABaOnuf22qBfRURDawua1m-pfMjW7DZ3I3YlRSJRCWiMUaF7k5h1Oyld0Ec8-xo08w",FALSE,FALSE,FALSE,FALSE,FALSE,0,FALSE,9,0.730083299891752
"2_ABaOnud9W94OV0qtErAdXAPfVbfBO4WBRDKpwB0xuEc-CdmcyB415bBU6JHJLVo6GA",FALSE,FALSE,FALSE,FALSE,FALSE,0,FALSE,7,0.690589664945991
"2_ABaOnueDjv_uJqc70OtQ-aHx6Et5IxjBAvzyeTmS__rXNJJpcOx6ayY6g9agLn0V4w",FALSE,FALSE,FALSE,FALSE,FALSE,0,FALSE,23,0.722033623913701
"2_ABaOnufjxn3pI5dAfoFdx3Ycpixi3uA10eHXc5IsrX7fI9i3Yfoaxjn1TbyMWUCA9A",FALSE,FALSE,FALSE,FALSE,FALSE,0,FALSE,9,0.647343174268309
"2_ABaOnuc_9sag6fLeZAeDSGYqtxTA_Ob3u5Cm0JGIxv3oNSZOgImTipEolLnc5fidqw",FALSE,FALSE,FALSE,FALSE,FALSE,0,FALSE,10,0.961867946965269
"2_ABaOnuehpMBNFyBKUThJOUCEJD-NogvPj7bucy2-PqlCbrT7ZxLnrkKfmLK6SPdc_w",FALSE,FALSE,FALSE,FALSE,FALSE,0,FALSE,20,0.610640119818706
"2_ABaOnucu-IrEpIiLgHmWEjH8QmuZknMYxRe12zCMXxUD1jgcWspEtoT3NTH50w38zg",FALSE,FALSE,FALSE,FALSE,FALSE,0,FALSE,6,0.498390161195177
"2_ABaOnudiSamWC1P8IcMvk2aeWKdlptw0MUwq_Rd5qg9_zm3o5uD9XskeJqi7fgO4XA",FALSE,FALSE,FALSE,FALSE,FALSE,0,FALSE,9,0.793382920292321
"2_ABaOnudF_8-fVhfZi-xapxvWW6GMHaN6Xgm17JeyYJhdEnb9AC9uHpTD5c3jr0u5Kg",FALSE,FALSE,FALSE,FALSE,FALSE,0,FALSE,9,0.563345604418401
"2_ABaOnucEmXsG_9QnKpMNE3adukyoJGxtDkxYM7ZongMrTnr-hTLzDVWMLaOOqJAsoA",FALSE,FALSE,FALSE,FALSE,FALSE,0,FALSE,24,0.588711259289924
"2_ABaOnucZpyerIaWHJH2Cbs18hSWLL0jfa1NIQkM147xGuGuJCODiV2uRBGb9lMx20g",FALSE,FALSE,FALSE,FALSE,FALSE,0,FALSE,15,0.559702684704948
"2_ABaOnufmHl-zPsFviApoaTyhGIC8L7KdTEPiNsVdEga0I4rrO2AUm8MftFEaYsqcAQ",FALSE,FALSE,FALSE,FALSE,FALSE,0,FALSE,10,0.748659429226797
"2_ABaOnudP3-LTxoKk3JQBi0KS4pQDA69k7rj0brQGzR9_vCZRCXPhqiiVSQqlSl2sew",FALSE,FALSE,FALSE,FALSE,FALSE,0,FALSE,37,0.346983325830568
"2_ABaOnuf_CVE19b9qsbbvu01CRtp_hSARYbHmpHPOUg7_vTKJUZZ2SgP2ln0tTx6E9Q",TRUE,TRUE,FALSE,TRUE,TRUE,4,TRUE,59,0
"2_ABaOnudU-wsksC-Xfbub-KsZptBrPOFnHKKe_ITwUDsNb3g8xaVHTy0Qk1Nt9v449A",FALSE,FALSE,FALSE,FALSE,FALSE,0,FALSE,26,0.770207984237408
"2_ABaOnueEQVwqmUJxnCrrL_r7gGiyA_Qga0qmIzQ721MMecYFLjkQsYpErpIL3h4Ygw",FALSE,FALSE,FALSE,FALSE,FALSE,0,FALSE,13,0.495449780599845
"2_ABaOnufNAvwOsgtdhiLrDc40zARBacD9KSUSVynMJyDAfi0VnwzzoN8nxC7JFnA58w",FALSE,FALSE,FALSE,FALSE,FALSE,0,FALSE,10,0.797790637099044
"2_ABaOnuebOaMazIyY906RW6KaWDxsOQQGYU7cEzWZN0IbRW9Cn4o7iyU-IO3PiZtsEw",FALSE,FALSE,FALSE,FALSE,FALSE,0,FALSE,11,0.839554027057422
"2_ABaOnucIDC4-vhG2QLphsVCbRIO2CxV6qWjca7PGks5FXSFW3F-2ABuVnNxvxHpRBA",FALSE,FALSE,FALSE,FALSE,FALSE,0,FALSE,8,0.674751290847444
"2_ABaOnuf3P3QZ4dx8nQZAjxZZEppKOjctnwuUflpZPCscFVGYNj9FF1NJIb81sMOHOA",FALSE,FALSE,FALSE,FALSE,FALSE,0,FALSE,9,1.2742103134303
"2_ABaOnuctZEcVsc96Hq-iYrTRfBB9A9BNv-WB0ATTbEXA6_g25Z4MWA7l3rB5vZ9Csg",FALSE,FALSE,FALSE,FALSE,FALSE,0,FALSE,19,0.682074053612464
"2_ABaOnuegQdyy5RLJkcZaMFHYIG4hVj1wgM5wHyLmXg1-20QdZda5LAkZhmttvh9D-w",FALSE,FALSE,FALSE,FALSE,FALSE,0,FALSE,14,0.539497785815714
"2_ABaOnufIg5iKBXebJh-TkpKFmOx6DwuX55kxdbxR-IAEKUcNRCJesvNJru3nZg2X5w",FALSE,FALSE,FALSE,FALSE,FALSE,0,FALSE,10,0.907788238346856
"2_ABaOnucxEDVCNl1L2x5hzcgQDCGw6zug99ffJAoaHOWUTUZNkeX3SlsqMOJIA8igsg",FALSE,FALSE,FALSE,FALSE,FALSE,0,FALSE,6,0.788950578794544
"2_ABaOnuc9WSHDnhytzcbIP_DVu6oPajOCP74aMDtauKdrY6jJqKg0dApPoLNYPPm1Ew",FALSE,FALSE,FALSE,FALSE,FALSE,0,FALSE,5,0.775878303616108
"2_ABaOnuf_VDEBAkk4JitGOtVngfvbp4Xq5tTN9Uhpk5qtTmACU5XCPt6K3HEfqGEKRQ",FALSE,FALSE,FALSE,FALSE,FALSE,0,FALSE,12,0.485319250581912
"2_ABaOnucWSPMCPT6SqMw4fskrD5US8NrS0kJ5a6ekQcqu27YPR3Xuqug3J6T0KyXDCA",FALSE,FALSE,FALSE,FALSE,FALSE,0,FALSE,14,0.304841126187198
"2_ABaOnudKRM7IjBeVPN_FmB3wbsWNPK9hlkSvU1gEpx9vWXvQivRFDfAbUr32capK_g",FALSE,FALSE,FALSE,FALSE,FALSE,0,FALSE,11,0.897102290151318
"2_ABaOnue5qCmDXb49GinuhSE-cxwx_yg2mc-os7DdFa5NVFp-GNR33xgiyky8l3cYMw",FALSE,FALSE,FALSE,FALSE,FALSE,0,FALSE,8,0.652737793990127
"2_ABaOnufXtaN050RerUEcsEGezg_qgXEc_0Dx1NWwCSUwodMWLNHup-A4SywzK1E4DQ",FALSE,FALSE,FALSE,FALSE,FALSE,0,FALSE,16,0.531860424732696
"2_ABaOnucgp3Xo3xPYBHJ2froKgrKNZsLaYkiQcHWPw_t2p43IFbbRMeJJBd3CBb5j9A",FALSE,FALSE,FALSE,FALSE,FALSE,0,FALSE,21,0.280893622840437
"2_ABaOnucrz_snzSlsGIdvyILNvz8ThCPx5BATwydbOWlfhryvIr48XrFPd2wOCdoceA",FALSE,FALSE,FALSE,FALSE,FALSE,0,FALSE,10,0.471266743637485
"2_ABaOnudGR8o1qGRolISHF5_MZBlJ50DAzJOlkGJLgiph1gNztZG5pndRsoUXmu89Yw",FALSE,FALSE,FALSE,FALSE,FALSE,0,FALSE,26,0.443143755543444
"2_ABaOnucZG5LGxu5ksGSej0vZqn6skhalMyqzLAJCL-yxYsDp_vw5oJ92sdDF2jSPjg",FALSE,FALSE,FALSE,FALSE,FALSE,0,FALSE,8,0.629491459330434
"2_ABaOnudTHuHOFpZsAaRB97EixMtgKd2paGfbHbst8acxAgXLbB67F8KYEdOA5CQ_ig",FALSE,FALSE,FALSE,FALSE,FALSE,0,FALSE,8,0.882984154415668
"2_ABaOnud_KTt6NuyQPIbBIh-bejolHqnTwkSqjgNQbC9x3sJmpvMCFoLqJjwGN3C5lA",FALSE,FALSE,FALSE,FALSE,FALSE,0,FALSE,19,0.421513789723353
"2_ABaOnuctCswvYisuPI4CLYnVeIyyf3C1AhYpsuogRu459ZZmJp7F6RyCbAuZxt1_ng",FALSE,FALSE,FALSE,FALSE,FALSE,0,FALSE,9,0.553929694429305
"2_ABaOnueZwKBBz1Mnavw6UNBhT3bQU89TgcyAx-Rvl1-Vjzueuhr2-Fpz-KxF-t7MSg",FALSE,FALSE,FALSE,FALSE,FALSE,0,FALSE,11,0.704000425056989
"2_ABaOnufgl81iTDK40lZ7A5RMNm1_cIEtYnVeqDlkQlN5GmTIuJtp7_bpw13KdVv_Hg",FALSE,FALSE,FALSE,FALSE,FALSE,0,FALSE,16,0.40597524202367
"2_ABaOnucRhKbc0vCMpk1yC5w1WeMhmQurIsXTpc8VNKZY8j_BlwAs4DhonNbP4AcShA",FALSE,FALSE,FALSE,FALSE,FALSE,0,FALSE,14,0.63273270195365
"2_ABaOnudtH3MUy0n9fC5waN_oE_Gc3fmrFJjW1tT-YDA1qwu7b5TB7IwYJ06H7U5fTQ",FALSE,FALSE,FALSE,FALSE,FALSE,0,FALSE,9,0.77134538281556
"2_ABaOnufIkEPykhVLDqIlgF0tFhHu12sA2Rwi-po4uhYldD-aiqGE5dmkYkZuQI1Ohg",FALSE,FALSE,FALSE,FALSE,FALSE,0,FALSE,11,0.64643969417099
"2_ABaOnuf4tSTSshwdtWNaIwcvRUMAQ9CHQNKYoVJFYZacwbT8DOhSkK-F3EbE25Jrpg",FALSE,FALSE,FALSE,FALSE,FALSE,0,FALSE,14,0.433813368367013
"2_ABaOnudEO1tpjUItWTUW1egQibOcBG9L4IeuYYC3HLSmZg6eg-XGv9jkeAt5xgYzZw",FALSE,FALSE,FALSE,FALSE,FALSE,0,FALSE,12,0.972743683964672
"2_ABaOnueF3k4EzhIcVJyp7-J8RrTYyDJp2aG5sl7ACRGTvwgb3lA5YIeVXaqVY1cv3w",FALSE,FALSE,FALSE,FALSE,FALSE,0,FALSE,20,0.345294832472996
"2_ABaOnucWC0ts1durzmH22INJ-ANeAHphI6sK8RbnLl1sBr2Te0mjnPTvwlehOhnGxQ",FALSE,FALSE,FALSE,FALSE,FALSE,0,FALSE,6,0.70524460940035
"2_ABaOnuedGQCj3TFex_fd5KmBzFR0y8jFYq_fCe93HfAbJ6FappwCn1qY6K3HDDCSEQ",FALSE,FALSE,FALSE,FALSE,FALSE,0,FALSE,9,0.71960116234362
"2_ABaOnucSm3MP-sTG_02saomuy81VrMW2Z_7WCEpRL2KGpcG0RRCuVb7cCgP7m1pIQg",FALSE,FALSE,FALSE,FALSE,FALSE,0,FALSE,8,0.529106079833831
"2_ABaOnuf29bXxvnwZOmYl0OVjYxHjUMzUi5TfsXfiyTWLPY1SblDLPHMZt0pXn576mQ",FALSE,FALSE,FALSE,FALSE,FALSE,0,FALSE,29,0.221571877771722
"2_ABaOnue8XtsPEN1FLiloaodipYsL-UGEFhY2oO9NheDS3zgplMyWID1p4tuqz1PqdA",FALSE,FALSE,FALSE,FALSE,FALSE,0,FALSE,6,0.498390161195177
"2_ABaOnuegTjXg4vcZz4Zupraq1BSOrgF2glXAUZzLVUtnO95V5vPro37BrbsgcGNnNA",FALSE,FALSE,FALSE,FALSE,FALSE,0,FALSE,3,0.537326759761956
"2_ABaOnufYVRtqXs6wjYD7jeUNIfodvNKX25A53923oqgDYGaC_eje4W2dFMn6ChjX7w",FALSE,FALSE,FALSE,FALSE,FALSE,0,FALSE,12,0.706900115456228
"2_ABaOnue1Ps20AruLvk3m9FeDvLiIYQbdTNybAhn5VlUA_xgeFH6qRVlqvUNVv4DPTg",FALSE,FALSE,FALSE,FALSE,FALSE,0,FALSE,33,0.293112043054788
"2_ABaOnucszigOkvYfk7HZgARYtITyEHncKCrUMWjPdZGvmFgKRQR3VFFvL-HgFIUbtA",FALSE,FALSE,FALSE,FALSE,FALSE,0,FALSE,13,0.465652511896139
"2_ABaOnue0__VOLh37DSVTsZ_t9rzfzCtd731ZsyMeHjRK721cz6AJ86KmOy-JFgpAUA",FALSE,FALSE,FALSE,FALSE,FALSE,0,FALSE,44,0.609682252374395
"2_ABaOnudV0R_UzYhv-N_GIvN3JNzbPOTQ1XPhVMCe2z4Kd55zpvWhCa1Aqn16YVfVKQ",FALSE,FALSE,FALSE,FALSE,FALSE,0,FALSE,6,0.860864149315591
"2_ABaOnucYdPZ3xsBb4G8yeB68xbKCD0p7mJibL7R11Ymy-cs90apTZN28sm0DVQ94rA",TRUE,TRUE,FALSE,TRUE,FALSE,3,TRUE,59,0
"2_ABaOnucggZvIBVqC6kpZXIUJevUActLZ2-wSa1V_C4G-meWJPVWVjpwM-uVSyVdEUA",FALSE,FALSE,FALSE,FALSE,FALSE,0,FALSE,19,0.471266743637485
"2_ABaOnucFSdnblF-kZiyQboJBz9LG34LkWzdyQOCCNPCptUD_d6hptYor0D5Dsilgyg",TRUE,TRUE,FALSE,TRUE,TRUE,4,TRUE,59,0
"2_ABaOnufAnlJ1AmtHAiegxvBm6OyMu5u02mXQIclfWHAMthNvglWJUMYfrpWerPyxtg",TRUE,TRUE,FALSE,TRUE,TRUE,4,TRUE,59,0
"2_ABaOnueiSg_uN2CAHPLVH3ndePrnEn1yTIZuQVIk_9ZuBlIJsAYo9UFNPNFYXFkC8g",FALSE,FALSE,FALSE,FALSE,FALSE,0,FALSE,16,0.429072096298893
"2_ABaOnueYpTwVnPWxgJV4clEulXsixuoPKvj1cpnEg9giAsTI2mONwAP8Bvxz_H5QrA",TRUE,TRUE,FALSE,TRUE,TRUE,4,TRUE,59,0
"2_ABaOnueQC6bJhyNcD9CkzNmEqeM6wtmrWvF1Us0qALWlx94nS4iU1XzSOP1nmrGH_Q",FALSE,FALSE,FALSE,FALSE,FALSE,0,FALSE,5,0.88990704076548
"2_ABaOnuforek-qAt9KEM-7ZL6e5EYv6LNVqINAUif0CeGdP2sTHB7Lfxrt5JC2_I6kw",FALSE,FALSE,FALSE,FALSE,FALSE,0,FALSE,20,0.580714809729893
"2_ABaOnucCAAnJ7ot2nyxboW5B2C66rmW61Q54k3dS9B9F9sLKzS1Af9G52cbDz1aVOQ",FALSE,FALSE,FALSE,FALSE,FALSE,0,FALSE,8,0.570561670216943
"2_ABaOnudRsFL46SOy8d6cEW922fR64LNLAn3buHCuiLZzCaLaMYBXhoEYYesxwZYtuA",TRUE,TRUE,FALSE,TRUE,TRUE,4,TRUE,59,0
"2_ABaOnufhhi1UFZ1ZCphat963AzXBT1msdESN3lIgnHYES-BllcAS6S-CyLQMYXvWsQ",FALSE,FALSE,FALSE,FALSE,FALSE,0,FALSE,7,0.91643861286579
"2_ABaOnudKea7DRA01AdPGVTQ8XFXNodHuCIhR_NHT4Pkb0dXnSWxyIxosxBulKZVfbw",FALSE,FALSE,FALSE,FALSE,FALSE,0,FALSE,41,0.402360074381714
"2_ABaOnucHSRT4C7WCM_kY8dPv1aDwK21E2Pd9cyKnqwhXGTOfX231t9TC1eRVrr_YWQ",FALSE,FALSE,FALSE,FALSE,FALSE,0,FALSE,57,0.130188910980824
"2_ABaOnueLwvwKoQpjBchUAbH5EWh7K-h0m84IPdB5pnTp7dWYtbLUSZI8XizsqLOCZg",FALSE,FALSE,FALSE,FALSE,FALSE,0,FALSE,10,0.651841791105181
"2_ABaOnudISkihHw6vNiZHrMlUeH01OQ41ulmUDG67Z5NNMSQsjCfa6JZbKseek7XH2Q",FALSE,FALSE,FALSE,FALSE,FALSE,0,FALSE,9,0.766023074122228
"2_ABaOnuc5NXblHS-x7ctcvuWpBS7nhqouuY2VWg859WtjopA2EhxwObUvBVlpz04MSA",FALSE,FALSE,FALSE,FALSE,FALSE,0,FALSE,12,0.913564255719256
"2_ABaOnucQsjBh8AtEgxqSwEqgCeO-omrWe4aCWu6BvgE5yKyAsGtdsDWVrQBgfaloqg",FALSE,FALSE,FALSE,FALSE,FALSE,0,FALSE,20,0.378406020441342
"2_ABaOnueglxXdlr6dipsAHl9L1ft9orzN-BSJ1JHwYwidjdyTJHBhUUJUmUm5h4207g",FALSE,FALSE,FALSE,FALSE,FALSE,0,FALSE,8,0.743960683463089
"2_ABaOnudkR8tcc2hu7euSFiuTrCZWvGURYXFCzSsRg5LBgG_cxMxl3P23WdTmxOE4Gw",TRUE,TRUE,FALSE,TRUE,TRUE,4,TRUE,59,0
"2_ABaOnudO8cs_kB7XjY9fOSozilZqVN5hPRZQ7mGTJHMLe7-B-OWd0JsHtV1GpyKE_g",FALSE,FALSE,FALSE,FALSE,FALSE,0,FALSE,7,0.567995028007313
"2_ABaOnucmxG6fd84j3FMtpW5OSvk5rZjsbTaA71fGy2zFmuwlavgw3fIZXAlk7gleGA",FALSE,FALSE,FALSE,FALSE,FALSE,0,FALSE,14,0.645534949579026
"2_ABaOnuf_WR2WnWrk-22sSlYUnRG0Op1RTan6nQsv-bEwp5o7h5GLHaVsGn-YpA1wSQ",FALSE,FALSE,FALSE,FALSE,FALSE,0,FALSE,7,0.593161890750091
"2_ABaOnudlnL_UFdgJTlC1C01TMXDSXrFdZau16uXZAyobhMxc4Fjhslf5JjaXDMugTA",FALSE,FALSE,FALSE,FALSE,FALSE,0,FALSE,24,0.471886424041446
"2_ABaOnudqDTtVjqijuVgphY4xSM0je2Z5siUQFj76hTrVmLqvT6_4JszAKn7SCENWUg",FALSE,FALSE,FALSE,FALSE,FALSE,0,FALSE,33,0.130188910980824
"2_ABaOnudRMzUXkimlaDZf1-SJ0o_NV7dZyFE0zbAykcWDUpciVVD3R3W8YKLRLb2Y2Q",FALSE,FALSE,FALSE,FALSE,FALSE,0,FALSE,28,0.517942248709493
"2_ABaOnudPFLyO3oznsQkPRU29906ib8pT-RMRjpAHD9d8LyIZrMU5z5pZjvCUzxz2iQ",FALSE,FALSE,FALSE,FALSE,FALSE,0,FALSE,14,0.990604606717431
"2_ABaOnudrtyzQtvB0idXLxSEepEA0Av4q8vBkQrYOY-0Cn51ZfXhcC_69S0XtZWOE1w",FALSE,FALSE,FALSE,FALSE,FALSE,0,FALSE,9,0.494268730575329
"2_ABaOnud_vXqHv2ohU5l249_5MltQLdQT9SaYBWwhXjBXWsz6Ix73KwbPKC6ajqCxVQ",FALSE,FALSE,FALSE,FALSE,FALSE,0,FALSE,6,0.839902028741614
"2_ABaOnucEto2lScf5mXtY3IMBYYfQXGCD5mDF5lpfVv_crY3jO6uXl1L3SQaU70-dGg",FALSE,FALSE,FALSE,FALSE,FALSE,0,FALSE,6,0.688894963827172
"2_ABaOnuc7JTef1UUBnS22MEGDZ9VlPqkCKxzTxWwwcYwLyhIBU-xpXQcjKsSkA6xTZQ",FALSE,FALSE,FALSE,FALSE,FALSE,0,FALSE,15,0.491303684440517
"2_ABaOnudoYY7Ebm6N6lSNhTEfnY12iUjWPnIh5dPid7ourqhQ5C3sOznf7te18TIp5w",TRUE,TRUE,FALSE,TRUE,TRUE,4,TRUE,59,0
"2_ABaOnucRqAulTlhaELwP19sWEhT5cozg5sb1fESvoNKFFifIofvdocM1G1A-RL2IAA",FALSE,FALSE,FALSE,FALSE,FALSE,0,FALSE,13,0.70358520801995
"2_ABaOnucSRo1e0XoA2YLVLGExpossp0Kgp0NKt6T_9d5TvAyBroqPLFi3Iayyd1CIrw",FALSE,FALSE,FALSE,FALSE,FALSE,0,FALSE,5,0.93381190591483
"2_ABaOnudyalm5PVL7T8gzfLb2sn8y8lAqHODkZ4lt3iIye_FEO2zak0Ks0vgVeTPNUw",FALSE,FALSE,FALSE,FALSE,FALSE,0,FALSE,14,0.418033021718648
"2_ABaOnueeh31U_Moz8E9GGD6Zpl27KzFcRRJvvFu1ZQKizVTbP7HKRlwaiDULQN7HTg",FALSE,FALSE,FALSE,FALSE,FALSE,0,FALSE,19,0.928791375419252
"2_ABaOnucFOSeexVUor87puzsEhrLdMp25FWKORAH4rHAgSzz3WGeC4lAt8wJuvOMiLA",FALSE,FALSE,FALSE,FALSE,FALSE,0,FALSE,22,1.43635684350441
"2_ABaOnufqFr4-MvNeVPkqx2Qnmgq5hIx_fogc-tb8zCdt7lhX6D0PDEv4h5Qb39EoiA",FALSE,FALSE,FALSE,FALSE,FALSE,0,FALSE,19,0.491898123477587
"2_ABaOnufbcAoSbeX9jFy7S6ag0wxyY2WvrgRCqHB_FXT-srbpxFGtN8CgnwPdNMcRWg",FALSE,FALSE,FALSE,FALSE,FALSE,0,FALSE,4,0.880332544361278
"2_ABaOnucqUb39Xrwr08zpPHJIvpwd8L4lx73rglzK-pS-nDd_BjuEVHh3-Nea95obeA",TRUE,TRUE,FALSE,TRUE,TRUE,4,TRUE,59,0
"2_ABaOnufuJcYc2otwpXTlwKK2OORwJ4IUAI1VVtXjotbUOWVI-rbBVNv2mdhFJjD-hg",FALSE,FALSE,FALSE,FALSE,FALSE,0,FALSE,9,0.7134837277802
"2_ABaOnucNSgEmYMlyVSp9kZ5ILKtly3t1b6ZhTxJBSXzeZO0YartwFZCAsORytMivWA",FALSE,FALSE,FALSE,FALSE,FALSE,0,FALSE,15,0.51226910666056
"2_ABaOnudOy0cVsoLsRwcHa3gpu2A7ytGs9uzHCBL9AC98X6AHj0M6FdoehECJ6Qt2RA",FALSE,FALSE,FALSE,FALSE,FALSE,0,FALSE,10,0.795589831148712
"2_ABaOnudzuuGZ7T-_sNF35rWJzl6wbTngPcGI0DkwcXjCwpgEPH2iF2ZdJSR_8JDKcg",FALSE,FALSE,FALSE,FALSE,FALSE,0,FALSE,11,0.617776787336139
"2_ABaOnueilSWqhhOp-3rNgFFAD_30D0agdhegyHPUefYCRQNIwuu9rHSJ7XSstzbd5A",FALSE,FALSE,FALSE,FALSE,FALSE,0,FALSE,6,0.824096480253861
"2_ABaOnucBkT9j2m24FVk76mcsIYf2gTO0x0ihs9mZ74TLNvd2b8xABkm8A8jSyMfygQ",FALSE,FALSE,FALSE,FALSE,FALSE,0,FALSE,19,0.620137425617162
"2_ABaOnucq_hKaSTEE6oBHjh6Zl9uhXLmmZJMw9cAcbJCIkacC1nh87rcWB_sySHV8NA",FALSE,FALSE,FALSE,FALSE,FALSE,0,FALSE,26,0.771724143154033
"2_ABaOnuc8ceYDsHsmAWg_woJjF-D3TPb3Os1upny20H0A0pABbmGI_Ov8gw_AHabMqg",FALSE,FALSE,FALSE,FALSE,FALSE,0,FALSE,6,0.64643969417099
"2_ABaOnucXXwWCs8k6mcYcJd57gJsq-AqLFRVqwD2_ATm5X5Sme1om0D6qu4yyN5GZww",FALSE,FALSE,FALSE,FALSE,FALSE,0,FALSE,4,0.56696511777105
"2_ABaOnudfU3PNDx45YJxtQ7oeqmM80D_zcYGyr_M7XBXyvRSssKEGWiXNRlBd_rm7QQ",FALSE,FALSE,FALSE,FALSE,FALSE,0,FALSE,6,0.776254852196206
"2_ABaOnueO95EMb31VbGRMuadrDBh4wZOc_5Ueit2NYRXr3JFPimm59jR_kJnu5ZIGhg",FALSE,FALSE,FALSE,FALSE,FALSE,0,FALSE,7,0.62295838373582
"2_ABaOnufYcz0AqZOKWOzZV5yJtuqVuoF21OyxQ9Ua-p4J9uXpsX1DGEgsNogHKaS_KA",FALSE,FALSE,FALSE,FALSE,FALSE,0,FALSE,7,0.973644511770592
"2_ABaOnuf2s6e_JMvdHxbni_ldA8qqlJlF1kC6W3mwnMlD00EG5ON1vtO3FjPSoiI8ig",FALSE,FALSE,FALSE,FALSE,FALSE,0,FALSE,15,0.580211372435669
"2_ABaOnucfEIQvCcesXbmB2OFb5LJIF8CbHwYuMQ5V309-94FHA8LRCZJtNXjUP045YA",FALSE,FALSE,FALSE,FALSE,FALSE,0,FALSE,9,0.914523378561593
"2_ABaOnucbWPDPZfVC0RJcvTc7pij321C9BXzBDatv3Np9v96B0komf-2u2mBviBJ8eg",TRUE,TRUE,FALSE,TRUE,TRUE,4,TRUE,59,0
"2_ABaOnuf2ZqkzcbQypGSg4WJcli-1b62ps-Xbiv6mxQcW4kks9JdWqnfRLCMmmOlU-g",FALSE,FALSE,FALSE,FALSE,FALSE,0,FALSE,12,0.471266743637485
"2_ABaOnuewUN5OU20ggRt8leEryojaV106C7aQe-n-czchKUzht1XBdyT_LX27riDWlw",FALSE,FALSE,FALSE,FALSE,FALSE,0,FALSE,12,0.495449780599845
"2_ABaOnufFzf2rxQNBi6krZxGfdG-_xG-xSMfySqdgLjRoh1lqUeblAVXVH8uanpJKOg",FALSE,FALSE,FALSE,FALSE,FALSE,0,FALSE,15,0.491898123477587
"2_ABaOnuce8fPmajMbzKwaK8LzJ1yy0pab-SXEvFeCmvLlGp_WUrvGJQaHZDJDLPlwgg",FALSE,FALSE,FALSE,FALSE,FALSE,0,FALSE,19,0.670842174193601
"2_ABaOnudaVjG5Fr9L4rt8V6gBeL-u3ImGkiPqiRyX2poN-9XRZOJgdmmUMF7q40ioGw",FALSE,FALSE,FALSE,FALSE,FALSE,0,FALSE,3,0.884637374650694
"2_ABaOnufQwxuGTBQZ_YU-NWnFhMHli7LnbUvg2wF1KFBcJhGoj2pgl6GmWYam8MoC5Q",FALSE,FALSE,FALSE,FALSE,FALSE,0,FALSE,19,0.760279255963563
"2_ABaOnuez_FqABTYkUXjUMgBeeRMffd1mHlNhnFNFbP4fqbVAEM3DDrFlITd8xnwbRw",FALSE,FALSE,FALSE,FALSE,FALSE,0,FALSE,9,0.876673485264736
"2_ABaOnufmH9HtjTktwfrop1Ys25IX-nAAdeSb4ZeQsZkOLrZzzyYUTAJ0kNSS9x-RIA",FALSE,FALSE,FALSE,FALSE,FALSE,0,FALSE,9,0.802902391418853
"2_ABaOnucGFIuC2oJUcBM-0X0dLbNAF24SxYtMjTPuxJXRQiaDqnzyxXCaOJxHldJyVw",FALSE,FALSE,FALSE,FALSE,FALSE,0,FALSE,7,0.56696511777105
"2_ABaOnucUnBFBhOhyBsBhYWPtBTb35F8gkZ8Lx4PQ8BsCzUN_A_2Nxdc1E5-kYNwx0Q",FALSE,FALSE,FALSE,FALSE,FALSE,0,FALSE,23,0.434486469420944
"2_ABaOnufW5dnieuD5gzGcbWlDfJjm73Y7LNl7KCJmiXqFRMBsznHgMGtwNJRgBcmVNg",FALSE,FALSE,FALSE,FALSE,FALSE,0,FALSE,7,0.816257943897661
"2_ABaOnufgq5aEynvSUutougHaeXkq867agdzcmPyvMpgdST8Yx0XDLNK56nO0kjmaUQ",FALSE,FALSE,FALSE,FALSE,FALSE,0,FALSE,6,0.886946706054247
"2_ABaOnudukx-f59PlkQ_6249HQD2IOEyUcXal4SB0NoYn4sTuKDAFrgGvxH5pA9CHhA",FALSE,FALSE,FALSE,FALSE,FALSE,0,FALSE,15,0.826928435267741
"2_ABaOnufmzWwDlecrezw1FSOgGijAvZTJQd_e0KoDIigQBeDQ_5naCWqjONPeWINmXg",FALSE,FALSE,FALSE,FALSE,FALSE,0,FALSE,43,0.182520824972938
"2_ABaOnudVf1WqnT5AZm_zCnbm29iC3Hp_zMRRJAtofPOh-nM2Dbb7SmgWq49lSDXyNA",FALSE,FALSE,FALSE,FALSE,FALSE,0,FALSE,9,0.70358520801995
"2_ABaOnuf0MlrmlEpHOXfohsbbuXDMIrHUxUI7pl0j2LQOAaxBOyIlwjU_wkMkwrqyUQ",TRUE,TRUE,FALSE,TRUE,TRUE,4,TRUE,59,0
"2_ABaOnudqhMlFsL7lIMWSnHL6E2S5zQ_58efo7bioiyb8mc-ZTZVn0j6zxx8uRVE4jg",FALSE,FALSE,FALSE,FALSE,FALSE,0,FALSE,22,0.503059023439303
"2_ABaOnuc7hEl-Cqdwgcr_d1DtNdjAHSEmK8jlBJoJefJ5TcbbXqyrR4uzcc1aj3l_ig",FALSE,FALSE,FALSE,FALSE,FALSE,0,FALSE,15,0.471266743637485
"2_ABaOnudRaaa9IVdY3gt0h08KNkSanoKFWW5rdWdDkqBejJ6eyfj28UOTLQbqz_dfSQ",FALSE,FALSE,FALSE,FALSE,FALSE,0,FALSE,20,0.638708515747862
"2_ABaOnucDvBwFvDVv_JwFYIPUHj35ynQPeknKIfwaIv9wOUzJhMC8zL-qryqpfSzXaA",TRUE,TRUE,FALSE,TRUE,TRUE,4,TRUE,59,0
"2_ABaOnudmGJ2t2hP6UPbQAQi2gSJTVtgV4nWGJw5-eeYg4nIIxiZIBm2-v7NItHYpQw",FALSE,FALSE,FALSE,FALSE,FALSE,0,FALSE,15,0.722842625426752
"2_ABaOnufLFttHUvAA8TpUlBsy8MB6o2cA-8LEuWQ6f-VoAvrfo4rNYJvNGIz0RCF70Q",FALSE,FALSE,FALSE,FALSE,FALSE,0,FALSE,8,0.800715635497678
"2_ABaOnueLS5FNdJ4cqgIOW_p7oatCLFBlcuPlqEvSv4hyWpxWj52FLwgjroRuetAQzg",FALSE,FALSE,FALSE,FALSE,FALSE,0,FALSE,10,0.618249636075352
"2_ABaOnudggPCeqad4ZK_vlCaIGdIRR_CemQNAdqZ853UFprSOHSfK2GWgDe4DciECgA",TRUE,TRUE,FALSE,TRUE,TRUE,4,TRUE,59,0
"2_ABaOnudecEAZt3l2HMuyZG3Khw7HO3l4X8xVLSGI-Z7s87CKwJ4AnbyBTPNNLbHUOQ",FALSE,FALSE,FALSE,FALSE,FALSE,0,FALSE,3,1.35749106768004
"2_ABaOnueVqNDggpvcT69sVVlDDeQASz-oIcq8oJ3eALku6D7i2BW9QrQuCA25Z3UQhg",FALSE,FALSE,FALSE,FALSE,FALSE,0,FALSE,18,0.503059023439303
"2_ABaOnufmAW83-bF71z0NzYksjV2YNWKjAsK5Fz6cPuuaxkItN6fDPen_V8LN9sk5qw",TRUE,TRUE,FALSE,TRUE,TRUE,4,TRUE,59,0
"2_ABaOnudipEFllMRWiBsNyVWbNaPwszaFLRS_iXw73B0KLJcO9Og5a2sRwPvQxm5FjA",FALSE,FALSE,FALSE,FALSE,FALSE,0,FALSE,20,0.456782127859628
"2_ABaOnudKMXRkdarDVJBjW_L9pEZ-EILs6T33CNURikezejCLMZ4JTwPMFS4CPLnzsQ",FALSE,FALSE,FALSE,FALSE,FALSE,0,FALSE,4,0.482904711968741
"2_ABaOnuf8SMGlzcMhzPdlvc0jUW9V5O8Tfa4zL5wD87axUq8FmY9xg1JQQhFOlB5HkA",TRUE,TRUE,FALSE,TRUE,TRUE,4,TRUE,59,0
"2_ABaOnufSLC4RuwKq8cKyKrQt5kajqmggPdeF32g-mi1XM6ShWzAioW9qmbR6eUhzjA",TRUE,TRUE,FALSE,TRUE,TRUE,4,TRUE,59,0
"2_ABaOnufQrWGg5oNW--E64j0ZxxwNOcch5DAh5mdUgpnXKoJk1kf6KydbbhcNGOruoQ",FALSE,FALSE,FALSE,FALSE,FALSE,0,FALSE,9,0.977239519121244
"2_ABaOnucUEZ2q3JyQTIRC_7K16Z-LznaCzza_BgDPieuB2CiJZX91FZ5bzYnTsE0OVw",TRUE,TRUE,FALSE,TRUE,TRUE,4,TRUE,59,0
"2_ABaOnuciMApyeHd0OQsDWh4P0ONL1WGL4US31-CGtNNaZf7Bsqw7SR5_aVDw4PvXiA",FALSE,FALSE,FALSE,FALSE,FALSE,0,FALSE,14,0.681216637744155
"2_ABaOnucNtQVBC9oOl2HgzDtPH1cUpWZHOVc8MovdeZFx6zkGkYtQnLMASqfkhR7cAQ",FALSE,FALSE,FALSE,FALSE,FALSE,0,FALSE,12,0.767547499658128
"2_ABaOnueztdKG_lIcLhOh6RDQZ9NfEOi6XEY1NFr64NFcLQmShexdNSsY55ttRZbQ2w",FALSE,FALSE,FALSE,FALSE,FALSE,0,FALSE,11,0.593161890750091
"2_ABaOnueY3lMvvSlH7Kh634YkSU3yJaJfiE4db6O1JO5CSYAVcI9vYYc0Aia_w2mdxA",FALSE,FALSE,FALSE,FALSE,FALSE,0,FALSE,9,0.727276048023873
"2_ABaOnuccSTO0IM7xBW6vFJfOQnz6tokJp-G_MGcdQUZ2Gg0HK9Hy856xZGMSWqe6Zg",FALSE,FALSE,FALSE,FALSE,FALSE,0,FALSE,19,0.362632107772293
"2_ABaOnucoJxAgOU4kDxaIAsz3DcJ6iElxTZl5IwFlkpajP4_odzjUgeizqPNbzfuAtA",FALSE,FALSE,FALSE,FALSE,FALSE,0,FALSE,6,0.788209432009258
"2_ABaOnufmNsk3VuRZ3tZwe531kZ4cOBisf_K3bCAHGFmIvMUFm_vSJ1i0Be2lhSvnfg",FALSE,FALSE,FALSE,FALSE,FALSE,0,FALSE,16,0.79485487502773
"2_ABaOnuf1C4oQ8HoMxYFN281hN92o8mJ3IfM7hQOCWzwhYoOKsffBJ8gVKwoiN9l4Cg",FALSE,FALSE,FALSE,FALSE,FALSE,0,FALSE,23,0.392060301424722
"2_ABaOnuduZOLkovZqbsPI9_Co2TKWVimhKh8rXCN8rHHrX_bzPxTcIKjgyV2ehhlwMw",FALSE,FALSE,FALSE,FALSE,FALSE,0,FALSE,10,0.982012390098731
"2_ABaOnudmuCKavSLXe8_k2uyiIa7JXgxxBH5mdvnQ7VvLJtjPqTU95byWXaghJkjMyg",FALSE,FALSE,FALSE,FALSE,FALSE,0,FALSE,6,0.911322376865767
"2_ABaOnufK9tm-ip__mC-MmWZw8ScSM-Jda_OigXNT6LkHsE_lWfeRJymLp9crgizTCw",FALSE,FALSE,FALSE,FALSE,FALSE,0,FALSE,19,0.552873583469726
"2_ABaOnueFw_EhznaHu_nv29gzOK4XOTb9Xj4TIWHiZOa6XZG31d5QcVukNO_C_uJbWA",FALSE,FALSE,FALSE,FALSE,FALSE,0,FALSE,8,0.531860424732696
"2_ABaOnucZdxGZXPxjqZI8C9Zntk50-3YJOzaQE9FhltzwKicxKT1EVfnT1TyFcoRzJg",FALSE,FALSE,FALSE,FALSE,FALSE,0,FALSE,19,0.496628021932233
"2_ABaOnucyBknW7WYWAmUce_V5yD0i9i3kI0IMIqYa5kFkwPU9WJVg1lclaSkaAefcow",FALSE,FALSE,FALSE,FALSE,FALSE,0,FALSE,19,0.663835797544615
"2_ABaOnufdh5uEK306utqfkoTRyQJWTcCUAPGiEQ_WdhOIx3Zn2Xp0d0ci0YQoFULiDA",FALSE,FALSE,FALSE,FALSE,FALSE,0,FALSE,10,1.01824386703995
"2_ABaOnueRSYjBref_ZMiM-RmBx88D2_x7eWxX3uq6kCSxZ4JqzD-P7C7hVR38t1dY-w",FALSE,FALSE,FALSE,FALSE,FALSE,0,FALSE,10,0.868972938841889
"2_ABaOnudfj1_-vIBuMT8jo5HTVljRF1QUq4mjRCc1YkqIAQZgDKinKGPGZuNlQyTvRg",FALSE,FALSE,FALSE,FALSE,FALSE,0,FALSE,6,0.637334454961447
"2_ABaOnufQSwHhGgutlCTL1fBbGWuTt0mbTQkosYsxqs5SsqStc75RSoa3SeCpYMLa0Q",FALSE,FALSE,FALSE,FALSE,FALSE,0,FALSE,21,0.500146092041101
"2_ABaOnucgsOo2WjbS49zeYT9SlnqI1EjK0F26WcqqpPDofrimuRsrCjQcI59mXGVl1A",FALSE,FALSE,FALSE,FALSE,FALSE,0,FALSE,9,0.625766625094698
"2_ABaOnuf4tgTnzyjSw4y9CUg-V58broQB9XinXXas9xtEKvPpkQrd_LEaeHprnMQTqw",FALSE,FALSE,FALSE,FALSE,FALSE,0,FALSE,20,0.519632113717078
"2_ABaOnudh4RDVG1vCpZPa-WqBr76PuIk4nb2Re-zREiEv8xPNQIprzwF8hFgRlVoLPw",FALSE,FALSE,FALSE,FALSE,FALSE,0,FALSE,10,0.663835797544615
"2_ABaOnue6OeCXsMeGHJk_FgNaDIkd9Q8BFTfdMf1Ii2xd60VnwJtxR0CE4FYotTUVDg",FALSE,FALSE,FALSE,FALSE,FALSE,0,FALSE,5,0.477427354702386
"2_ABaOnudIZe6f8bQ1XU-jJXyLc02WZh3PO-WnYGX6xsLQAmBnzK3OzE88p_DNnwY5ow",FALSE,FALSE,FALSE,FALSE,FALSE,0,FALSE,7,0.471266743637485
"2_ABaOnue2HABtx0WRQtA7xlCXViz1CSUETEmCfnPoW9G25tiWzuwuJp4sRAjUEoyvBg",FALSE,FALSE,FALSE,FALSE,FALSE,0,FALSE,5,0.677776127679265
"2_ABaOnud8sXjMTLlvtM42E34qpPXrleR7qiTHoD0hOhMfiCfiRagJ-1xJWWy_lUNrVw",FALSE,FALSE,FALSE,FALSE,FALSE,0,FALSE,9,0.503639587998848
"2_ABaOnudbyOXN5MXY5BfuGdeRnlKv8ruZ8arWbk3yWjakKuKPn8fV89G7y_WmncxywQ",FALSE,FALSE,FALSE,FALSE,FALSE,0,FALSE,20,1.00350059413601
"2_ABaOnud6RTAPF3iMUB4uY0LQsXFZcnXb-Oq-C6BEY4Cl9wS5nM2t87Qgjk5ZLja3iA",FALSE,FALSE,FALSE,FALSE,FALSE,0,FALSE,9,0.624831947014971
"2_ABaOnuc_r0IZg5KiApdS6XT7t6LDBzniozfcLPTOmm-NEzoNiGF-d0UJwmBsXVKJzg",FALSE,FALSE,FALSE,FALSE,FALSE,0,FALSE,8,0.874002729674609
"2_ABaOnuclFzlD0bi3qO3re-Zsfq0hYrusmyFiDI2-34xfmN5eBI7kGuoMiYe_jRFriw",FALSE,FALSE,FALSE,FALSE,FALSE,0,FALSE,13,0.811230350438655
"2_ABaOnuesH_uKuzatCs6sIxyFIbgnPAzYiKlMChqGalx5z9MuO60YMWodETgCf2d23Q",TRUE,TRUE,FALSE,TRUE,TRUE,4,TRUE,59,0
"2_ABaOnuefQplRP1WG8nV3Jh1Q0ICu29SPTfAjTWuFY6QDqsPALazHdgyEluBFQ1ijaQ",FALSE,FALSE,FALSE,FALSE,FALSE,0,FALSE,12,0.650046080280032
"2_ABaOnufPee2hWDnGITvr4tLCpNkh1g3MjM33jkkysdHIEQEFq-bM_p-nicv1lqpx8Q",FALSE,FALSE,FALSE,FALSE,FALSE,0,FALSE,25,0.7010887416931
"2_ABaOnufiY9V_a0Y-0oblmAaSnQa0fgZgN1_S9L9ONUvaSFLbYnr5XLVIjQqmZ8hQIA",FALSE,FALSE,FALSE,FALSE,FALSE,0,FALSE,16,0.48772183581337
"2_ABaOnueaj9jX9_S4p9Ls6VKwaP557zAJuJ_QwuH4yGeEupfLFMS2CtwhmoSMWOZTWw",FALSE,FALSE,FALSE,FALSE,FALSE,0,FALSE,18,0.549693076255279
"2_ABaOnudkKTdyZTLB1oX0xueY1fsbuzSm-nfxBN9UHlyf1MT6vPZI2b2nawNgB7E7Fg",FALSE,FALSE,FALSE,FALSE,FALSE,0,FALSE,9,0.982904723213422
"2_ABaOnud6tPRYXHVIOnG01LrPqCweKFfrGTOWRIpNsNv5JEB26hn3sbboEjPZKsSXrQ",FALSE,FALSE,FALSE,FALSE,FALSE,0,FALSE,9,0.784865610716168
"2_ABaOnuctB6MGnfnivUt5PsPuFNqxieJpfPOMrrqK6GfEeQvTpIQ5Bj-VIwBp8OjNgA",FALSE,FALSE,FALSE,FALSE,FALSE,0,FALSE,13,1.02539353965347
"2_ABaOnufTb0fNV0ZPji5z61ynmpPE3TPD3ILMAY75w8u55_Fahm3LgT1urtK0bA19eg",FALSE,FALSE,FALSE,FALSE,FALSE,0,FALSE,15,0.56696511777105
"2_ABaOnueaSfiY9135AribLX3QtfFQxEfxvyenXje-Z4AxBoKtMx-SMn8QGaCfb7sTPg",FALSE,FALSE,FALSE,FALSE,FALSE,0,FALSE,13,0.362632107772293
"2_ABaOnuf8qvbem50f6kku92OgAh17AqnDKnQ8WSEXvpYI7fRQA34vpIdSEzSNcbf4Fg",FALSE,FALSE,FALSE,FALSE,FALSE,0,FALSE,9,0.877339903821835
"2_ABaOnudNFkLU2YT34xJXurre5AyhdZAfK-cB0tvZQ4ffgbZkog9lq-pJOjuBB0Hvfw",FALSE,FALSE,FALSE,FALSE,FALSE,0,FALSE,3,0.966414378224134
"2_ABaOnufCwbzvLV-e_L_G2RE6l4RGx6Q1Yx8hfPAz3zkX5VxaAK-C2O4aw6vu64hRoA",FALSE,FALSE,FALSE,FALSE,FALSE,0,FALSE,12,0.624831947014971
"2_ABaOnuf5YsaqOjMPA-z8FtZ-Jczon3Lpmdy0tvRGWLj8AVMiohdFT0F-LmudV5-0wg",FALSE,FALSE,FALSE,FALSE,FALSE,0,FALSE,18,0.609202753871297
"2_ABaOnuf79l40f0TG4q-fWxPivlMnpEe8jcPRnmBSbj_4SgD8fUkKX-2ib06gokzCWg",FALSE,FALSE,FALSE,FALSE,FALSE,0,FALSE,19,0.345294832472996
"2_ABaOnufJ-kEyaVWPMlPbUxPW80CG6caJ1B2pVqSm7gwDlx8KsvbB2j-ItkCipq_FLQ",FALSE,FALSE,FALSE,FALSE,FALSE,0,FALSE,7,0.540039178612073
"2_ABaOnudUby3sjEBnd2yM2s8W_HDzB1RVQ06vzQO9h0I4YV00T8vknLCQmjbQXWGTyw",TRUE,TRUE,FALSE,TRUE,TRUE,4,TRUE,59,0
"2_ABaOnud_jTSKZML68vcVFtTbnQfk_uFoZKG54JfwElB-TDVqo_Fht4hmX5dBPmNDcg",FALSE,FALSE,FALSE,FALSE,FALSE,0,FALSE,7,0.797424257912283
"2_ABaOnuecps7flrtik3QB928UfB6HhebOGNq4AnQZabQr-AUlDg6KPd61G7FDLenrZQ",FALSE,FALSE,FALSE,FALSE,FALSE,0,FALSE,8,1.15714435177615
"2_ABaOnue7CRHZZstcoh9bTqeFyQt6EQFZx5azMTEv0x7sLmcVpbfRW-AVC07SLTxYhA",FALSE,FALSE,FALSE,FALSE,FALSE,0,FALSE,4,0.946246699897042
"2_ABaOnue35h1Oq0NGwk5PrAIA7hwVJhOKCSE-gvDn0_06Z3ip82g-5EisXRr0fiBvZA",FALSE,FALSE,FALSE,FALSE,FALSE,0,FALSE,14,0.742781352708207
"2_ABaOnueYyPW8Ju6BVI-vp_vq_-qFTLYk1Gqq4Ndz_SM3OVwWEbThjpWMIQq7zEY1KA",FALSE,FALSE,FALSE,FALSE,FALSE,0,FALSE,9,0.704000425056989
"2_ABaOnueRKm3rrs0C05mTN7AP3FPwC5kWNMlXcIDFzBoYaCBr2Tqo-ZuJFxokyK7LXQ",FALSE,FALSE,FALSE,FALSE,FALSE,0,FALSE,18,0.529106079833831
"2_ABaOnuc6jm_xjaEqBpl6WqyUZSOZ3xaeatzewu1k3JgNf48WfJpFenR4OxnipNsR_w",FALSE,FALSE,FALSE,FALSE,FALSE,0,FALSE,14,0.581720377253121
"2_ABaOnucvyKlY3k4ihxwVirzjRJ7H7eoFQT-dx_2ZFqtU7hv62HolSdF5TcIECBzVGQ",FALSE,FALSE,FALSE,FALSE,FALSE,0,FALSE,11,0.482904711968741
"2_ABaOnufTKf7GMtPJz-OrAgUepRmoAB-I2MVZNtEb5wWLpjk1t9blBiMLVQ7Loo2Uuw",FALSE,FALSE,FALSE,FALSE,FALSE,0,FALSE,14,0.733676840716896
"2_ABaOnudq0L_Nd91iiAAVXy9aOD8wGuWVrPrOeTLYm-F6fRs9XCdxoD24eCkEqCR6tQ",FALSE,FALSE,FALSE,FALSE,FALSE,0,FALSE,10,0.702754037962493
"2_ABaOnucpkhg2HQysTOKpMTOCRpQDPhJYIDuqBaWJbGcVQWAH3U1nrjmH05KzX-mxNA",FALSE,FALSE,FALSE,FALSE,FALSE,0,FALSE,2,0.504219484089611
"2_ABaOnudBEfL0hTsAruygt-61p35C78821DcLHfC9VvbkKwJjuTBP8fX6KyBCWNkfWw",FALSE,FALSE,FALSE,FALSE,FALSE,0,FALSE,22,0.616356064595401
"2_ABaOnufvPofGhNLX47_vFOXoX7BmBiuWT7ClWhOlP1KLu6PnBvUx5TsAUX7USRuI1w",TRUE,TRUE,FALSE,TRUE,TRUE,4,TRUE,59,0
"2_ABaOnufysT3lqf5Lj_ltueig0H7jDGcPS3qWPo1ZAkI1bLTw5OoI5trbFXEeiAgrTQ",FALSE,FALSE,FALSE,FALSE,FALSE,0,FALSE,6,0.687196083401721
"2_ABaOnucNcYNWs4IPPkrkb4qWZSkrna9iCPmaIUMEqMPqcA9j0IJgtBB64WCblYwgCg",FALSE,FALSE,FALSE,FALSE,FALSE,0,FALSE,9,0.536782631258072
"2_ABaOnuflnqiAbEsVlajlj3MahuL-H4DAe3pAUcf1s__dgzUFddmPZY7XINNM7JN8Bw",FALSE,FALSE,FALSE,FALSE,FALSE,0,FALSE,9,0.836066043437297
"2_ABaOnudSVDBKCSmnhXN0XzhVD-TDBVYP93DBBa-OMI4HuUMi7mzuZ9IwMxV8tnJIOg",FALSE,FALSE,FALSE,FALSE,FALSE,0,FALSE,6,0.860864149315591
"2_ABaOnuffpPbQLTKPaWrTzQYLWNqG-1mouBmH1tVS9x8SS4shmSwDkRwcmHZu4V-_JQ",FALSE,FALSE,FALSE,FALSE,FALSE,0,FALSE,8,0.679068361698387
"2_ABaOnuckC40G_iSdNXlaCng0MY-8g9t4d9NebCtb4EvG0XZP0w0pduD20CR5RHOqqw",FALSE,FALSE,FALSE,FALSE,FALSE,0,FALSE,39,0.345294832472996
"2_ABaOnuf_HCtJq16zWlqWUGsrc6p5gkFvWOY731rDJPuobu-D9mJuTOEi9hWURf9O5w",FALSE,FALSE,FALSE,FALSE,FALSE,0,FALSE,21,0.477427354702386
"2_ABaOnue6qDfYgD1fVLZ0YpwYl7f0ZN-VPYj1qmLZMPlkTGRN3a4PRAoaAluxdqKchQ",FALSE,FALSE,FALSE,FALSE,FALSE,0,FALSE,13,0.544887507894517
"2_ABaOnucHcHvqjSuWuNXqqBVO87TvuzJQ-OaA90MYhfCJzji2iAsF7w7HgDSM1pUw9Q",FALSE,FALSE,FALSE,FALSE,FALSE,0,FALSE,9,0.609202753871297
"2_ABaOnufFgDeuOcY6GTO_GBI7DJ91AguhXmrMszqT7JVwqQXqLQ6VEgiviuSjNH3hyw",FALSE,FALSE,FALSE,FALSE,FALSE,0,FALSE,11,0.827634909924806
"2_ABaOnucDXjCTBqoxc3iLyQ-ZsU56hLkIappDnk8CSwMwXKXB_sdTr0IvyMIuT0egXw",TRUE,TRUE,FALSE,TRUE,TRUE,4,TRUE,59,0
"2_ABaOnudw__1wigM79SiINEzvqfIccZNXypCbVodBDsA705Mxb8Jwg1HKCeB7t4yZbw",FALSE,FALSE,FALSE,FALSE,FALSE,0,FALSE,19,0.484716743520837
"2_ABaOnuecomaMOvFfHS70Q4Api7HoCdYZmw9gp2tDDJV1S7_Cn9evFTXsXNJlFukzlQ",FALSE,FALSE,FALSE,FALSE,FALSE,0,FALSE,14,0.524111783776734
"2_ABaOnuci1JL6-K-xnl5lEbrBCMWRGsqY6A2N53EGGOPt1mjvUoCIzKWdIrBZCubZvQ",FALSE,FALSE,FALSE,FALSE,FALSE,0,FALSE,17,0.446428780161928
"2_ABaOnue9vcYUrMmZcFR2JwFrCzwOwiRY5EcHQM6zZQWKz0wDDtRche3IxSqz8kuQSg",FALSE,FALSE,FALSE,FALSE,FALSE,0,FALSE,15,0.746313754231107
"2_ABaOnud_yioWDoZWkVCh99dxDM0y90g3YYAOg7sRqJIsr7BqcuiaP3mLcEnaML-1LQ",FALSE,FALSE,FALSE,FALSE,FALSE,0,FALSE,5,0.722842625426752
"2_ABaOnuebg5yMZjzdEnQpObFvxbWeI3XLxpzYzaVfP35sld6hpT3p-uiQ0QQHeUZDcw",FALSE,FALSE,FALSE,FALSE,FALSE,0,FALSE,13,0.753328868026123
"2_ABaOnucBOeV4AvywcNhyBiBtuyKDmr2HVm9oCZMouAW71aNYENRisDHNThGuXX5fUg",FALSE,FALSE,FALSE,FALSE,FALSE,0,FALSE,11,0.54435093710175
"2_ABaOnufUZjRTVGJhZeA1IrlY5KywAaUxYVytD5t5ienfy6n1GJTUyo700pQoXrbwpw",FALSE,FALSE,FALSE,FALSE,FALSE,0,FALSE,15,0.996780322390354
"2_ABaOnucoHSIP4go9E4u2DHmTRymkYsKTs5lgie1ni6REiPKNRySiMHM4IRF9pkbpEw",FALSE,FALSE,FALSE,FALSE,FALSE,0,FALSE,8,0.792277159587313
"2_ABaOnufDYc2sANdj4Re2BeT2uYjbckWHpqijC-9epoCl65qYJS10ebgpQ4FLOm20PQ",FALSE,FALSE,FALSE,FALSE,FALSE,0,FALSE,14,0.640536011659464
"2_ABaOnudeE8zE_fG6m3Ito0GmxMTyHWBcNTzZju7FSx5T_K2mMtsmChV9uP1Dv9YZQg",FALSE,FALSE,FALSE,FALSE,FALSE,0,FALSE,31,0.362632107772293
"2_ABaOnuej__WEYTq6X3aFkPBYskeEX2bjd77oZWngA_W57p5ywpov7moi7h0JUMr59w",FALSE,FALSE,FALSE,FALSE,FALSE,0,FALSE,11,0.903917055514255
"2_ABaOnudoWzG9mvAdY-NpMGraQx3ujzc_f12oQD6R7Km6XGNKB6MeHCi6kxY79IpG7A",FALSE,FALSE,FALSE,FALSE,FALSE,0,FALSE,18,0.982904723213422
"2_ABaOnucg9jZ80v_phyVMVyDmO3CI5NOFIsgu24-5q7YCTjdAEs10HkoYzsKmLqzdMw",FALSE,FALSE,FALSE,FALSE,FALSE,0,FALSE,9,0.685066558345206
"2_ABaOnucZELGJePmkYzAg6u6jBV7jgq5acu9xnS1D0DJ2vwrWPd80C9QuCrJPGa6LsQ",FALSE,FALSE,FALSE,FALSE,FALSE,0,FALSE,13,0.763348004082057
"2_ABaOnueFiPfp85S9OlAkhbT4CTj33u8aj8r1SaHOrOqZ0IGJUhY0Nb-eEP7dLJvzkw",FALSE,FALSE,FALSE,FALSE,FALSE,0,FALSE,5,0.503639587998848
"2_ABaOnueSWC-TMxg5CfqFtNJiZZEiXgfBs7wtSN6-ELiAy5S5xi251BXwru19KyJkWg",FALSE,FALSE,FALSE,FALSE,FALSE,0,FALSE,10,0.521876755326249
"2_ABaOnud4AAJk3AcULkGmRy9-5HMA0M3v76fKj8Hrel6kPY7jFwdx_yndciBVAB0ipg",TRUE,TRUE,FALSE,TRUE,TRUE,4,TRUE,59,0
"2_ABaOnueIrOuq0aSCK-32nLumgZtYhF-uKRsk0VYaDBsmgESoSzH0U8LksPU8Ae1eaQ",FALSE,FALSE,FALSE,FALSE,FALSE,0,FALSE,23,0.650046080280032
"2_ABaOnud_N6aWpZKfHf6Ac85a9FIjTRxzl0JC2biSR54f0t0cSE_CSyERPa2nMo515Q",FALSE,FALSE,FALSE,FALSE,FALSE,0,FALSE,6,1.10574716693945
"2_ABaOnud22sBYK8AyF2Ay87Isrwnc6PTtcYr3i1w9-w7sAaj0OlmFTiSrQuz0sAzqvQ",FALSE,FALSE,FALSE,FALSE,FALSE,0,FALSE,12,0.433813368367013
"2_ABaOnueKfogQOHIPAtQdnMQogkpt7IKfP6lV1x7PYl2-XUhteKPRE0cl0igZ188h_w",FALSE,FALSE,FALSE,FALSE,FALSE,0,FALSE,14,0.720818419197318
"2_ABaOnueG5VHL9rb8yg0lH8vXnUf5GnJz6KxyjgYbF874iHI3cW_VtQSHCKJ8MvG_jA",FALSE,FALSE,FALSE,FALSE,FALSE,0,FALSE,37,0.365041649945876
"2_ABaOnudOFcrQZSkuzXfeWJunmXGFwxs71a7uwmBHxfaO96u8Ox-l1ZQaX-s9gl4Fdg",FALSE,FALSE,FALSE,FALSE,FALSE,0,FALSE,14,0.617776787336139
"2_ABaOnucpxf5OmfC2HXwLK4T5cYVHjfq9NYB9FaaJXsiQTgv20PRHNdZkicMMJzlQ5w",FALSE,FALSE,FALSE,FALSE,FALSE,0,FALSE,10,0.837113964521395
"2_ABaOnudDPU_ZXVCLOt_cKMNL_Q2-CJFKS2ISd8IqMqYaC3l7uzwVhI5yQ6YQb4aYUQ",FALSE,FALSE,FALSE,FALSE,FALSE,0,FALSE,8,0.620137425617162
"2_ABaOnucPVco0tds1s-4ahGy9x5Gl2eYIF0GI03VyjHPtsrMoYcUKKS-Coyom3YvwMw",FALSE,FALSE,FALSE,FALSE,FALSE,0,FALSE,38,0.280893622840437
"2_ABaOnue4lUCc-SKU7ApguLITE3VoNpxgvfFv4XU6WVUT4iEa4roX6aV6wMpl7vlnrw",FALSE,FALSE,FALSE,FALSE,FALSE,0,FALSE,5,0.504219484089611
"2_ABaOnueFyqfMj3Wll0KnlMas7fIwxVNNJnDNykGwbxsM_mqs-OR9h-jjPn0uJkpIgA",FALSE,FALSE,FALSE,FALSE,FALSE,0,FALSE,17,0.362632107772293
"2_ABaOnucMgKw54L21THfrUb4MDt6d7QjyJ_iNiOoq_-fjEgA2ovBfe6xHte4AosUoHA",FALSE,FALSE,FALSE,FALSE,FALSE,0,FALSE,8,0.678637890427426
"2_ABaOnufAUSi9hSkzcMbuQ0nNb9dEFlMIRB7qqWRregRMdgrLA9UbpcyXbNdOV3vOjg",FALSE,FALSE,FALSE,FALSE,FALSE,0,FALSE,6,0.704000425056989
"2_ABaOnufFqJ5m4pf7Jd0KD4DvulUTkM_ZXHvrzsZwHo0R543W7rA1Q5JMoTlKBwo96A",FALSE,FALSE,FALSE,FALSE,FALSE,0,FALSE,9,0.464395687709626
"2_ABaOnufE2VmLsCRbL1rU-YkhC-3Q3mPMVIsH3kSYNvvNo4FVUcTFFvJhSFtBevfJww",FALSE,FALSE,FALSE,FALSE,FALSE,0,FALSE,38,0.182520824972938
"2_ABaOnufX357BkiS16G9tRQpMtlYED2Z_4wzqb226alUrjtghCUwMFyJliMj-304OLg",FALSE,FALSE,FALSE,FALSE,FALSE,0,FALSE,15,0.894492532504989
"2_ABaOnudoK_H8JtG-4Er3CreW9XzlzA02gch3IragytjjURgnTxrZaEUpY3phk8dOvg",FALSE,FALSE,FALSE,FALSE,FALSE,0,FALSE,14,1.09938615251056
"2_ABaOnudoC9R42iHKecmHBD6xvdex1YndsYFx8qYtUpZocWTGzLHGd2rwKBlEWlJi0w",FALSE,FALSE,FALSE,FALSE,FALSE,0,FALSE,15,0.505955184520749
"2_ABaOnuek74IvFzkpRkAdk4WMZxAviIcUxwa30GmrPSDAoXjCYQdy2BXVsLRcn-ZMgQ",FALSE,FALSE,FALSE,FALSE,FALSE,0,FALSE,15,0.418033021718648
"2_ABaOnuclt8Nv5IuYDVfx3o5fI2MlZv7JWKUUKbLt-A6083uLDPlKDw1-rTCuBUaTmA",FALSE,FALSE,FALSE,FALSE,FALSE,0,FALSE,16,0.77210271768902
"2_ABaOnud7_JNrqISxbZ5Zd-gXYgJJljD8q9HmAdko7XgiefrELoshj3QrHTvJP1IRnA",FALSE,FALSE,FALSE,FALSE,FALSE,0,FALSE,11,0.500146092041101
"2_ABaOnudtetm6WAgp2qqGmb57dVgAU4zxGUBxGNioQ9ET0-f-7ojTfneBy5VIXP3-RQ",FALSE,FALSE,FALSE,FALSE,FALSE,0,FALSE,5,0.503639587998848
"2_ABaOnueyDYixaLOYemKFne1WBgGqlRSdblGJXcf4LiocZ4MwKYIICbimrI44U8FNZQ",FALSE,FALSE,FALSE,FALSE,FALSE,0,FALSE,10,0.693966651661135
"2_ABaOnufmCMo2zDjK41YPf0KsBUlA9DU6XEp7NMIDVPDt3oI5vIVZ_OR4qVthmf3Ypg",FALSE,FALSE,FALSE,FALSE,FALSE,0,FALSE,28,0.768308578178932
"2_ABaOnucBr02U_Vd5udq5coz3rWWGfVuX6Asfmdjy34IF3d01xF_iCbn6Q5yT2Sz_SQ",FALSE,FALSE,FALSE,FALSE,FALSE,0,FALSE,5,1.00495557618785
"2_ABaOnudJbERJtPcppNeETO8GP15KbdNY4p6v5uqMk1ySBq312cHJzmmHaHuh4QKbjQ",FALSE,FALSE,FALSE,FALSE,FALSE,0,FALSE,8,0.636875775913216
"2_ABaOnucCT-Y3K3NzFiccQYfQ5PhBCw2ebva2tUuq7304nis96ZI9_RXYmJvJFN7SCA",FALSE,FALSE,FALSE,FALSE,FALSE,0,FALSE,7,0.669534063411986
"2_ABaOnufsLYnGyDc-avkLmhuMw-pB7ErK6Obi3-fhUef98HtACWqwpRzTXtnam_cgtQ",FALSE,FALSE,FALSE,FALSE,FALSE,0,FALSE,5,0.503639587998848
"2_ABaOnufQrCx3Mdjy8dgmL-9go9_OUcULgi4TJG8VFJ4xjNa0VtraUT9_4ZNlPCGZ9A",FALSE,FALSE,FALSE,FALSE,FALSE,0,FALSE,10,0.663395442074899
"2_ABaOnueKScmk2gGLafZxJ_lstyiZcabWjIMc5JOmWLoeNY1lhnkwPpCymneunfyHUw",FALSE,FALSE,FALSE,FALSE,FALSE,0,FALSE,13,0.477427354702386
"2_ABaOnufOqWsQGQmxcFW_U-lY3EZ8aAnzFqmsFbbt1GvgJOLcmIbOzmdLEA3DC5B_dA",FALSE,FALSE,FALSE,FALSE,FALSE,0,FALSE,15,0.664715633315166
"2_ABaOnucG-vCTufKPb8JIEPFemA2A6FXhBGay1c6tPBaFo4NQlhmKTe-2Dq_xYy6fDA",FALSE,FALSE,FALSE,FALSE,FALSE,0,FALSE,8,0.802902391418853
"2_ABaOnudDmtmf4rUtjjofWsf4BJEH-dV6tQevU7oEvXDONg1LA_Pmz3x7v-D7gQ3TLg",FALSE,FALSE,FALSE,FALSE,FALSE,0,FALSE,10,0.491898123477587
"2_ABaOnucPlE4Fo45oRZuFPeCoq-qRnwVMtRFoD7UxONZaIO0a6LbhMZJ4t_GYncHvzA",FALSE,FALSE,FALSE,FALSE,FALSE,0,FALSE,7,0.658975703047018
"2_ABaOnuf2jlIDXBMKMH-8brXWU65TiexmEd640HCrVy3Rn6mk6D-cWaS26e_ASrD-Kw",FALSE,FALSE,FALSE,FALSE,FALSE,0,FALSE,7,0.807258132555777
"2_ABaOnueQ-9IMiO_EHTuy6LzSX41RjJOFeh1BK9GUKIZ2KyRfsLQe8TTX6XiGeAc39g",FALSE,FALSE,FALSE,FALSE,FALSE,0,FALSE,6,0.464395687709626
"2_ABaOnuc5AbAQRdh-CEmLLicbbVtC9JbXIEqk_1a8iyo7EEFxkBt4R98w36k51gf3yw",FALSE,FALSE,FALSE,FALSE,FALSE,0,FALSE,6,0.572096128398523
"2_ABaOnucLCnzmBUTFhMMk55iemSEzHomR4dLz7lw2JNzHXPk1tXhMc2UyhyCy_6NdOw",FALSE,FALSE,FALSE,FALSE,FALSE,0,FALSE,6,0.970036181216797
"2_ABaOnucCLWWkfAZ1dxY4Alqc4hg90zV9B8i6OxISmskr8zprwfp2WyX3tt0WhzQLdA",FALSE,FALSE,FALSE,FALSE,FALSE,0,FALSE,14,0.836415496344275
"2_ABaOnufyIxjF_fQIkse1s3ORYRvj0v5MwK2kcLfmJzr3gfh8R_E1mia-9BWU29Afvw",FALSE,FALSE,FALSE,FALSE,FALSE,0,FALSE,8,0.898729540337058
"2_ABaOnudL7bJWKnYF_Ilp2ZNtbJjmkYLJpHvYGAf7eY0ftT0uLxN62YQuozwU8pedhQ",FALSE,FALSE,FALSE,FALSE,FALSE,0,FALSE,28,0.421513789723353
"2_ABaOnufZgAlxlkXRBKHMZCD2LfcQtMgmjQO6EmZR31BUEvwV16lGm8iuhToF1MG3Ig",FALSE,FALSE,FALSE,FALSE,FALSE,0,FALSE,4,0.868300098679956
"2_ABaOnufBmzV-mn7YcEy4qKRRESuYqw_bq22T-KB5R0CKxo70_UwePpADldBA2ZUkRQ",FALSE,FALSE,FALSE,FALSE,FALSE,0,FALSE,7,0.691435457871596
"2_ABaOnudWN1SN3y7bUfwM83n4sv3K5VH7q4lapd0qOI_RhJLpn8NaU_lL61z54QVdsg",FALSE,FALSE,FALSE,FALSE,FALSE,0,FALSE,8,0.696908091766321
"2_ABaOnufuXpeFK9t7_oxCNg34Ctr4HFU7-0uODJREg4OO-GQI-ZbfhcmOmLo-kvscVA",FALSE,FALSE,FALSE,FALSE,FALSE,0,FALSE,10,0.788209432009258
"2_ABaOnudRmOmZjfTau4Jnh_JBiGvsw0UPNztTEldlHSAvjLCGqXHw_9os_wxZNXi9Kg",TRUE,TRUE,FALSE,TRUE,TRUE,4,TRUE,59,0
"2_ABaOnue8hXEU_a_AuGl4l6AiOPpqu1-3M76dyezoDDDy2THQyXkDBmAr1Ik8IEWBSQ",FALSE,FALSE,FALSE,FALSE,FALSE,0,FALSE,13,0.429072096298893
"2_ABaOnufyiOiS4asgWlB29aHSCPu_ZYRatqFHQzw2SnNryF09PWmea9NOXWPklBoupA",FALSE,FALSE,FALSE,FALSE,FALSE,0,FALSE,10,0.534053672902471
"2_ABaOnucqdNEnni7-6s9URouV29NA8i3x__qYzZmfk1gXwnjzGJegMqIaXo2Pm9W7Qg",FALSE,FALSE,FALSE,FALSE,FALSE,0,FALSE,14,0.610640119818706
"2_ABaOnuf8P_qfFKgyGlTXCCnI5RUVuxOJzWOIvxGfbpbPCrO9UURyQQdNqbGrwKxv-A",FALSE,FALSE,FALSE,FALSE,FALSE,0,FALSE,16,0.362632107772293
"2_ABaOnuccyZKmZhKVKjHaYT69MdBxb493pnj6fmojFPPtowSp5YQF9ZInOmgrjC4wpg",TRUE,TRUE,FALSE,TRUE,TRUE,4,TRUE,59,0
"2_ABaOnueg37T0BNf0SctjrA1FcopBKURMmt6pL3OsH6x-OCIYt6ogL2sFHHW_BzP_QA",FALSE,FALSE,FALSE,FALSE,FALSE,0,FALSE,37,0.130188910980824
"2_ABaOnucbcPcNF1dSoLPnr738eUdFrWNykWtceCfv5riG7HIJEYuXbU3Slw1-3KSmLw",FALSE,FALSE,FALSE,FALSE,FALSE,0,FALSE,7,0.711843533133058
"2_ABaOnufAY9hXgQYr8xhvuNf0eSUKYrPdmcfHiwizpErkCpdNQq6g1zN31qoy73xFnw",FALSE,FALSE,FALSE,FALSE,FALSE,0,FALSE,12,0.517942248709493
"2_ABaOnufpaMypZWNLwUNtrsdG9wOwfX_e8Ryksjqfn_40nq5sUoVBzTH4odYzLMFEPQ",FALSE,FALSE,FALSE,FALSE,FALSE,0,FALSE,19,1.0727483452672
"2_ABaOnudkJ_HODyOVLE8j21aWbRu8bM88KVGXhVLew4WgkyAYycePZ-cjoxEvRjnBhA",FALSE,FALSE,FALSE,FALSE,FALSE,0,FALSE,4,0.525781820246251
"2_ABaOnuccOcbT15nSrZK9wSYm3-Xnw52-zIK0o6Jn-P7nwS8tj70N8m-3PLgq_1VOJQ",FALSE,FALSE,FALSE,FALSE,FALSE,0,FALSE,40,0.435158529326751
"2_ABaOnue6Y2P65uS6BHGJKRdRTX7dYvoTjA0haTb9pFuAGGU5zmoyiGVdQMtdVsywvw",FALSE,FALSE,FALSE,FALSE,FALSE,0,FALSE,26,0.90714418843368
"2_ABaOnudwvaAiKShBfMiFhCTXXum2w89Yo9FgZqjhtLgDdbcJ8TTj57MP5q0p2QFEaw",FALSE,FALSE,FALSE,FALSE,FALSE,0,FALSE,7,0.702754037962493
"2_ABaOnudpHMHZx2hQqFFuf85APU0QppZZu6uw3IxB_b_l3TvmI6spk_p2hM4GmTE7YA",FALSE,FALSE,FALSE,FALSE,FALSE,0,FALSE,20,0.485319250581912
"2_ABaOnufk7xZB8zUWsVgzW8BGiVBK-tdnxfms2fvqn6_S5hLX4SwQjgsN08m463wbkQ",FALSE,FALSE,FALSE,FALSE,FALSE,0,FALSE,4,0.654972438643656
"2_ABaOnucfMp-l3mswDAhQJIYQX9BodAxKHsdXzQxd4vDzofAwcJzH_BIeUnmZPK7eug",FALSE,FALSE,FALSE,FALSE,FALSE,0,FALSE,8,0.563345604418401
"2_ABaOnufniMNDYlogDrKQhEPfEwY1Eb5DGXkHnkULaqCq6_UGRzY2xQBxj6zt8oMgsA",FALSE,FALSE,FALSE,FALSE,FALSE,0,FALSE,22,0.930677248174064
"2_ABaOnuffNYnkbc0mHkU_bVK4AIB6qT4JhJ4DfcIswmu2Erbl6NvXc9KTK4uCBo5jzg",FALSE,FALSE,FALSE,FALSE,FALSE,0,FALSE,18,0.727677747059209
"2_ABaOnucA0OysRpYZbd8dtCD9KYzybiY2QhGIeaqnO1fcfeuBc-5gPh5PkbFJHHRmmw",FALSE,FALSE,FALSE,FALSE,FALSE,0,FALSE,8,0.624831947014971
"2_ABaOnucOggw-y2pnkOumlEmnkgW0Pv9fEG1_PceDLJsQhPZmzYN3XOFEMiviVMsSdg",FALSE,FALSE,FALSE,FALSE,FALSE,0,FALSE,11,0.392060301424722
"2_ABaOnufWsn99Os3xds0eH7AyprLgnVOy3np-tcu1BeUUZZbo_BVEbNKLqFKQ4GfxIQ",FALSE,FALSE,FALSE,FALSE,FALSE,0,FALSE,19,0.563345604418401
"2_ABaOnucziRKEYJBAV63hZ6yXdTI8LWmu54khDOytHobsq9fjHLPk-XOgQy-JSa9aZA",FALSE,FALSE,FALSE,FALSE,FALSE,0,FALSE,12,0.705658850028961
"2_ABaOnuf1e8drvjandk0OUhbu1ZOhihzUuCs28XCMeBCu2gs564MsnZLoKYTBKLFUUg",FALSE,FALSE,FALSE,FALSE,FALSE,0,FALSE,7,0.693966651661135
"2_ABaOnucZpKlazoMPrWnBNj9Ce05Cyvep2VSQnd2F5mYNaNvUQ7INasjd4s-eYLG-LQ",FALSE,FALSE,FALSE,FALSE,FALSE,0,FALSE,7,0.744745866461006
"2_ABaOnucq6sKsPc-1eR9UkT-saB-F4ken_BaaUy__baJ9_pZD-sssoNxSqskQEOIQgA",FALSE,FALSE,FALSE,FALSE,FALSE,0,FALSE,8,0.737252866001767
"2_ABaOnuemS3IoxT9PdPt5vvoyHyNIN0hOC0OpmRt71oUt_do4fRxLsA3v-7VfzkXXuw",FALSE,FALSE,FALSE,FALSE,FALSE,0,FALSE,11,0.495449780599845
"2_ABaOnueeuHQo7pqCPeM_X2JF8bC8U2OPrlTaqMbnfK0x219TyFdG88SCsolyG-ygsw",FALSE,FALSE,FALSE,FALSE,FALSE,0,FALSE,22,0.369813638757241
"2_ABaOnufn7alQBiUpsIhX8oc0NrttTjlfofn7vHIzJnH_F8jrm35BvTngBSv9AfI2ew",FALSE,FALSE,FALSE,FALSE,FALSE,0,FALSE,7,0.650495472715513
"2_ABaOnue9Sfk_ARL8Acxcc1GH303alOxOXW2BbBT1iAXZkvTdhCqwqEZEiTkP8ir84Q",FALSE,FALSE,FALSE,FALSE,FALSE,0,FALSE,14,0.456782127859628
"2_ABaOnuePuL4ECkeAX_dS6b2FzAh3-6qClggNcOitlMczUB7y8ZC_DuQb3r2-K8iWYQ",FALSE,FALSE,FALSE,FALSE,FALSE,0,FALSE,6,0.635037746753125
"2_ABaOnufjSgRjFt87F1rSVv96V2dbA75lorsqMqonV85BQyP9g8_c4OBqOtbFUjj5zQ",FALSE,FALSE,FALSE,FALSE,FALSE,0,FALSE,23,0.743960683463089
"2_ABaOnueBT04UTXPvfx89cSwMskCCLnVMpyLfrn2eN2Sa37vzP8rdxv37GC_2_kx-oQ",FALSE,FALSE,FALSE,FALSE,FALSE,0,FALSE,10,0.656309573288893
"2_ABaOnudv_qpoWl_O4BCwDWXMPOzwiFpIpp9e5vghM-CpM86QG0O2yo_jODXqybl08g",FALSE,FALSE,FALSE,FALSE,FALSE,0,FALSE,8,0.537326759761956
"2_ABaOnufHd7a8re6gnHLacJWg8iHZ5K_32njKPB8hifivkLUsxyCQ_fxt8gRQEP5fdA",FALSE,FALSE,FALSE,FALSE,FALSE,0,FALSE,14,0.482904711968741
"2_ABaOnudIqHL_P7N72pR0qyK2E3wt40zEiHcQoZCgh-2sjCnW_l8EX5D3X3bmIUYCvQ",FALSE,FALSE,FALSE,FALSE,FALSE,0,FALSE,7,0.695228792719058
"2_ABaOnuesrrdpCZeOdO5X2HuNaH_AGqGC8IC_NRLBqHdwMIUQxBo_gTmRy71x6GzAhA",FALSE,FALSE,FALSE,FALSE,FALSE,0,FALSE,7,0.726069617475756
"2_ABaOnucGOOmoMwihfPxSX-GNXAWhA_NCDc-GJyNqm2deQMnvZTKqocMjINDWpzvlPQ",FALSE,FALSE,FALSE,FALSE,FALSE,0,FALSE,17,0.326144973197179
"2_ABaOnue7xRTI6oZlFtRICv7f-UTj6o-C7hPA7XndhQV9UaXI20kUm6SrKCWkwk3pgQ",FALSE,FALSE,FALSE,FALSE,FALSE,0,FALSE,10,0.730083299891752
"2_ABaOnudJr6k9KkEX8fgcLoy5XuObQ-JteDBzspwydfro8wTA1rKrhcSfChYlvmvXpw",TRUE,TRUE,FALSE,TRUE,TRUE,4,TRUE,59,0
"2_ABaOnucJbME7G6Cjqqd1eZMXGFPMCtEe86LoMwkXbnIcNe17JU8h_u4KmnK0AlbHEw",FALSE,FALSE,FALSE,FALSE,FALSE,0,FALSE,16,0.407412327020263
"2_ABaOnuei1zEw8MCa0lES_JYSOguVD5bhhgCN1Aqpc2YWz0rENBQn30wvalCaaISMqQ",FALSE,FALSE,FALSE,FALSE,FALSE,0,FALSE,50,0.371390676354104
"2_ABaOnufRzaX7k3sGPiikskIUAH3KrTwCLJmjTifJRKlI5lzzUa1P40F4MohWkgZLNA",FALSE,FALSE,FALSE,FALSE,FALSE,0,FALSE,18,0.553929694429305
"2_ABaOnueMzdNPcTuhzdRQXA_4tJJhDynAkZeJn69BDhiDrS7Xo-CAZ9Oy7IiB2bm3Dg",FALSE,FALSE,FALSE,FALSE,FALSE,0,FALSE,9,0.713893187628986
"2_ABaOnucSSB0dH81T1-WgkqBDOqwdjtCS8BUb8pbANcEnXRDTm7JZiXErabSU2jyG9g",FALSE,FALSE,FALSE,FALSE,FALSE,0,FALSE,34,0.221571877771722
"2_ABaOnueqxBu5affu5ngdT3G37n_RweGzRnMzG8i36DqzDumxaKkS7grpkRWOpej2xA",FALSE,FALSE,FALSE,FALSE,FALSE,0,FALSE,3,0.860864149315591
"2_ABaOnucUYRtqz7MaW4LEB4O8jlVTuA4_R81eEpAyjmiuznfwk5Zo-cHGNRd78UB0Fw",FALSE,FALSE,FALSE,FALSE,FALSE,0,FALSE,22,0.503059023439303
"2_ABaOnudL4XQgDGSzdZsXtSbaTAoxYRXyy2Gw__TiaxilGvpuoGa4SwL9vKUf6dThmg",FALSE,FALSE,FALSE,FALSE,FALSE,0,FALSE,5,0.764877761135619
"2_ABaOnuecD4dDYHJjOB1MpDwb3IS-z6NHyCnxWZVZoNHNKCdySFhlH7RZq_dzSQdqrQ",FALSE,FALSE,FALSE,FALSE,FALSE,0,FALSE,14,0.456782127859628
"2_ABaOnudEAcaN4lI3TQNFN3Hw8Y_bj5-4aij7W5NmM0CUnZBBXpnPzd9FxCXZZ5_wvA",FALSE,FALSE,FALSE,FALSE,FALSE,0,FALSE,15,0.500146092041101
"2_ABaOnueDOV5LPKNuTDAxxmwNvMdDGJTr3eigPIZ6WV6NKxZUq75E9qXb5AxYVIgv9g",FALSE,FALSE,FALSE,FALSE,FALSE,0,FALSE,10,0.495449780599845
"2_ABaOnuf8-IPmq5NYY9fCIkkGwROWVSuUyBxX9EPpA-rglII6EI8BawZZmKtp3TWXDw",FALSE,FALSE,FALSE,FALSE,FALSE,0,FALSE,28,0.390566732942472
"2_ABaOnueMdh95UH9muICAdIHGqMpXr0pSVjVGz6BRITF6ZedUFqV7HhgaTrchSTUY1g",TRUE,TRUE,FALSE,TRUE,TRUE,4,TRUE,59,0
"2_ABaOnufJmsrUP33GtAD8cAYowxZjq4P86dAtzwCaHe9416lZSf2uwJtfwY9i4RJbfw",FALSE,FALSE,FALSE,FALSE,FALSE,0,FALSE,19,0.418033021718648
"2_ABaOnufRDPheS0KUnS1FcmTHcEcFb4WoUvbyNZee8npxgN8zALMvqnjfqULIYkPHcw",TRUE,TRUE,FALSE,TRUE,TRUE,4,TRUE,59,0
"2_ABaOnufjcwTSAfYLOP2r-r4E4PhaHYqGU-5hCFjuaPd_no68o3I6Q6uZ1pqbpCfTFA",FALSE,FALSE,FALSE,FALSE,FALSE,0,FALSE,14,0.521876755326249
"2_ABaOnud63cwB6AUzG6BqafTRQqWGLpdR9hlWpdLM91JM7sRGspSehJ8dNpJQbi1HZw",FALSE,FALSE,FALSE,FALSE,FALSE,0,FALSE,9,1.13650442781188
"2_ABaOnuc7SI58yXn7dTwdClNGCykQCRuegeRKCtxgl3cXaZXMa8uyoaNsI70n_XV5VQ",FALSE,FALSE,FALSE,FALSE,FALSE,0,FALSE,19,0.253554508841448
"2_ABaOnuc-LZ0pDeGoLMtumTgc252-llMaPmYdO4G1AlCvrohPAv7brCWAwRyhepA4GA",FALSE,FALSE,FALSE,FALSE,FALSE,0,FALSE,45,0.130188910980824
"2_ABaOnudv97NUnWhhHYcBU6fztOUs10OItLrDUi6xJ9XO3162IuChkHXnaH3ORULBCg",FALSE,FALSE,FALSE,FALSE,FALSE,0,FALSE,22,0.738836654864656
"2_ABaOnufht28RKhoR9yPYAMVnOAS8PuikplIAgdoXm0fsrKz7GEHU-WrvLMAssl-FZg",FALSE,FALSE,FALSE,FALSE,FALSE,0,FALSE,5,0.599532254849974
"2_ABaOnudg3Q-VPpM0vdXH0_ixtMHXg6s_vPbMeYlpfU46ObUR4vLqXKhoPlr3mqTePQ",FALSE,FALSE,FALSE,FALSE,FALSE,0,FALSE,7,0.815541613839631
"2_ABaOnucEIhV9vFxOVNZ45FTk8Zao0xQo8G-rFgi3KuOAX29F9-pSPJtYwvy67BYf2g",TRUE,TRUE,FALSE,TRUE,TRUE,4,TRUE,59,0
"2_ABaOnue-jQ-1d9z-pV75tfLrn9KUV6LqB72mU3z66HF18lgjhdm_rOZiEGfvJOW6Ug",FALSE,FALSE,FALSE,FALSE,FALSE,0,FALSE,6,0.877672923345622
"2_ABaOnudS0GwpMbYjKBfJvlxn8I11hJWDteJ54DzwIzOvHJBdqK5rGFNEDJ9fJfqZnQ",FALSE,FALSE,FALSE,FALSE,FALSE,0,FALSE,20,0.362632107772293
"2_ABaOnuehj6LNehqVAiRqgiaXF_3zexhvWT0udhd5AopMRdJTottVkpPsA-TN9wEDQQ",FALSE,FALSE,FALSE,FALSE,FALSE,0,FALSE,31,0.362632107772293
"2_ABaOnucfuz1ZFt_J4Bsxv674Em_HzIh9cNSDcbiMpaFspeHe1jLSQVbHHoiEkg3Xig",FALSE,FALSE,FALSE,FALSE,FALSE,0,FALSE,38,0.467531413322159
"2_ABaOnudZIcMxSHOXF82cuAFR5Wfa7lmY1ZIORR64a5ywfC3r48CkzKNQWSb7irxSuA",FALSE,FALSE,FALSE,FALSE,FALSE,0,FALSE,22,0.253554508841448
"2_ABaOnudnF6vxlTKZ7SgFO-Dk3XyxG8nJtZ_NMTaT_CWbI0m82jZKNoi6sVge1sBO8A",FALSE,FALSE,FALSE,FALSE,FALSE,0,FALSE,18,0.70358520801995
"2_ABaOnufU7sFjWvsipRjkIkVZZipYV2JT-0ZPtRGpTRXB8_0fWsGET_q0sr9LCXeKHQ",FALSE,FALSE,FALSE,FALSE,FALSE,0,FALSE,19,0.77285931044056
"2_ABaOnuf8bPxcIFhpCv8tZSNk-h3C0lpT1TqooginyE2ic51pswMtG4VpDEnyqj-Odw",FALSE,FALSE,FALSE,FALSE,FALSE,0,FALSE,58,0.130188910980824
"2_ABaOnudjC74wCD-aDa0OYSi450084PeQLsSADHI-HtkSedBEqm1tTq1xakawLlo42w",FALSE,FALSE,FALSE,FALSE,FALSE,0,FALSE,16,0.551815451239604
"2_ABaOnuf_g-udsFYUm002u-m8Ege-vL8AQi3fsIMSIu3GNg8tk7nUoR5M8xp5GbkiRg",FALSE,FALSE,FALSE,FALSE,FALSE,0,FALSE,7,0.826574971504951
"2_ABaOnudUqMN6almPB8156Vr-p0HhSaneel22vBtTc_NDdoxmbQDdtpCKcOYe2Icpxg",FALSE,FALSE,FALSE,FALSE,FALSE,0,FALSE,11,0.505955184520749
"2_ABaOnuf5wRqK6oC5rc0v2nm8LCxdQu1KZKxRApIIiH8EC8N54Ei76yQ8fHj4lNiPpg",FALSE,FALSE,FALSE,FALSE,FALSE,0,FALSE,22,0.345294832472996
"2_ABaOnucYh3l8pE1C--7rOk3I965tSC6rNOpFN1mv-lc1Q0rID4synoj2Lh3CqEujHA",TRUE,TRUE,FALSE,TRUE,TRUE,4,TRUE,59,0
"2_ABaOnudn-HrR9yQBjYdZl4hFIu0M66LZDgEATxaZMOieMj9_bxtrvKoL-Mf53J9E3A",FALSE,FALSE,FALSE,FALSE,FALSE,0,FALSE,5,0.600019481468258
"2_ABaOnue98bKsNQSXkGDd4w9ydCBVzJelpDEZSXPF-gkih5nz2ob8GrOm7ggzb-Zggg",FALSE,FALSE,FALSE,FALSE,FALSE,0,FALSE,13,0.551285623511827
"2_ABaOnudn_dWnZTlPIJ-VrMWrjLtr69DvG3wAeuOO_Llr632I3QMc6Gearp60vDg2kw",FALSE,FALSE,FALSE,FALSE,FALSE,0,FALSE,8,0.692280217450991
"2_ABaOnud_kLicEz72ziEpYCk038TqHwYdjuxjXF8Q_inJ659k65x3dHKZEEYjYbeJ8Q",FALSE,FALSE,FALSE,FALSE,FALSE,0,FALSE,5,0.934750253402543
"2_ABaOnuf6CuCMhcweqAE8IMbAfXaHJ6Z-rl6YW4p1zfQsLlGeOi-6Eo6-hM-FIYXKkA",FALSE,FALSE,FALSE,FALSE,FALSE,0,FALSE,14,0.628097235117404
"2_ABaOnuf13TgQh_Nwkq34e0p4ClukSdURs-l9JDmkzf_Q0UUvXblC3F_aiwqzog2-XQ",TRUE,TRUE,FALSE,TRUE,TRUE,4,TRUE,59,0
"2_ABaOnueqXSLTBJfE1JmzEQBWnh517cpkvkxgfdvMq0oQG57JLWoeJaKxo0SW6AIXsQ",FALSE,FALSE,FALSE,FALSE,FALSE,0,FALSE,9,0.48772183581337
"2_ABaOnueYUtcgBS0PRx1DJ9HckuBkP63T6227XoSoT9FJb0mI7ELULWom9sGcAec_Vw",FALSE,FALSE,FALSE,FALSE,FALSE,0,FALSE,9,0.618249636075352
"2_ABaOnuckqrd4Wv1tlE-a1kSWO2k8b6o9ArAJyiAOSbzuNRR65NoSXWmsD5wviwjN4g",TRUE,TRUE,FALSE,TRUE,TRUE,4,TRUE,59,0
"2_ABaOnueS4zy-taODEG7tTip6Iq7-1nR6co0id-5NIMShbiCUJpPF6pnE0Y5phX14-g",FALSE,FALSE,FALSE,FALSE,FALSE,0,FALSE,9,0.725264215544586
"2_ABaOnudeqtNYw6KIkFXb3lEz1QudLyvL9JODI4oE_eoef0At1sN2ZTsUvL7SuSdZWQ",FALSE,FALSE,FALSE,FALSE,FALSE,0,FALSE,11,0.654972438643656
"2_ABaOnudZTYAXLv9QOgvar0G6YbfA-MQQvG_rBipk0Th75t1dyQq-qGXSF8P8tc9aGA",FALSE,FALSE,FALSE,FALSE,FALSE,0,FALSE,24,0.413817454962403
"2_ABaOnue-AnDlbZvX6V7uRBLZ2u9BMoLgnvpR10_ias5trm9A7mO5ChGktySoFfArjw",FALSE,FALSE,FALSE,FALSE,FALSE,0,FALSE,9,0.68035814132526
"2_ABaOnuewTbfxSxsb_rHfmQufzlus4Tbn0CGN2Dv4fWph8wPAe2hixbuZlECUnemYCw",FALSE,FALSE,FALSE,FALSE,FALSE,0,FALSE,9,0.64372164557689
"2_ABaOnufVFEa0-eUsUF24_stY6OCf9W1XLo8ngtZubGcE3GXMtJK3KXwrQs2Z0J11nA",FALSE,FALSE,FALSE,FALSE,FALSE,0,FALSE,26,0.432464023361534
"2_ABaOnufymi_MW_0w3CZR-saaf-E7uRshpGJdwwYDa22eInaLlBaZSdj4Lju1db5THQ",FALSE,FALSE,FALSE,FALSE,FALSE,0,FALSE,25,0.982904723213422
"2_ABaOnueIbKw1JUPlwfDtE1O8rK9xCbFMv6OAg-lmNlQ83hGGCUijNqUmRIjRGarCVg",FALSE,FALSE,FALSE,FALSE,FALSE,0,FALSE,14,0.623427302420008
"2_ABaOnueOBZ4TJrNcvPpwsQkAhTkMYHpSvAI5929Xa7uuwIFxcMzbpvqXiKwbhAxIlg",FALSE,FALSE,FALSE,FALSE,FALSE,0,FALSE,9,0.504219484089611
"2_ABaOnudlahXWe7PkCCoSHDFke-RzbSTCkGp5irleizVvUK_yn4UrR9hAeXEtIvm0lQ",FALSE,FALSE,FALSE,FALSE,FALSE,0,FALSE,30,0.418731490078269
"2_ABaOnuelio088KE_UJSKAHr4XZzn0h-tZ6vrFZv0W3q5YNGC5AjK6BjV1L34NUhwgQ",FALSE,FALSE,FALSE,FALSE,FALSE,0,FALSE,15,0.500730033970332
"2_ABaOnufpS8oja-YYrfTqCo9jumb-FRaoYDYA_Lw5BpziYH3bXx7jqCsC9eBuYhEYVg",FALSE,FALSE,FALSE,FALSE,FALSE,0,FALSE,14,0.48772183581337
"2_ABaOnufKOUCkK6Bg7a63ptOL5IHf0-lylGU1oKkqd6PUWbymBhnRt3xVSseRIItPjw",FALSE,FALSE,FALSE,FALSE,FALSE,0,FALSE,33,0.253554508841448
"2_ABaOnud4sNi0FsjFppNCQc-6op_dERgf0vohJ43DeAsXlFbnjSfuVpkeZjz7pBwizw",FALSE,FALSE,FALSE,FALSE,FALSE,0,FALSE,8,0.598068193434212
"2_ABaOnuf4oqG_6MgRdYM6C_S6BDERd-YnPn8UF8l2J3N3IHmxSsqNDYsgsrgXKPF9Qg",FALSE,FALSE,FALSE,FALSE,FALSE,0,FALSE,6,0.575152763484835
"2_ABaOnudmNS6v31kI7W66-4XEAhyMF-lGeQx6qN-gqd-F83bAPeQobIDlZTGZvea_FA",FALSE,FALSE,FALSE,FALSE,FALSE,0,FALSE,8,0.625766625094698
"2_ABaOnuf91L_vXRkzXTho4mVW9iqHSE-4zpqEUHj_y1BN0TLzmhsLF-PHM3AG9Zgakg",FALSE,FALSE,FALSE,FALSE,FALSE,0,FALSE,6,0.575152763484835
"2_ABaOnudh5f96jFAdQ9Kfq88Fawgxqf1sHt07jKBcEV0-oqeTWMBi60W6O_dmP03NhQ",FALSE,FALSE,FALSE,FALSE,FALSE,0,FALSE,5,0.886287511086888
